q,stage,n_runs,mean_total_delay_us,se_total_delay_us,mean_queue_delay_us,mean_access_delay_us,completion_ratio_mean,min_completion_ratio,variant,lambda_per_node,M,selected
0.01,coarse,3,407.720930232558,7.67980783291221,2.26829268292683,405.452637549631,1,1,unslotted,1,1,0
0.015,fine,3,407.720930232558,7.67980783291221,2.26829268292683,405.452637549631,1,1,unslotted,1,1,0
0.02,fine,3,407.720930232558,7.67980783291221,2.26829268292683,405.452637549631,1,1,unslotted,1,1,0
0.025,coarse,3,407.501418037436,7.46148053741308,2.26829268292683,405.233125354509,1,1,unslotted,1,1,1
0.03,fine,3,407.501418037436,7.46148053741308,2.26829268292683,405.233125354509,1,1,unslotted,1,1,0
0.035,fine,3,407.1355643789,7.09776414200712,2.26829268292683,404.867271695973,1,1,unslotted,1,1,0
0.04,fine,3,406.989222915485,6.95234038302279,2.26829268292683,404.720930232558,1,1,unslotted,1,1,0
0.045,fine,3,403.550198525241,3.55662066961044,2.26829268292683,401.281905842314,1,1,unslotted,1,1,0
0.05,coarse,3,403.550198525241,3.55662066961044,2.26829268292683,401.281905842314,1,1,unslotted,1,1,0
0.1,coarse,3,403.550198525241,3.55662066961044,2.26829268292683,401.281905842314,1,1,unslotted,1,1,0
0.2,coarse,3,403.550198525241,3.55662066961044,2.26829268292683,401.281905842314,1,1,unslotted,1,1,0
0.3,coarse,3,403.550198525241,3.55662066961044,2.26829268292683,401.281905842314,1,1,unslotted,1,1,0
0.4,coarse,3,403.550198525241,3.55662066961044,2.26829268292683,401.281905842314,1,1,unslotted,1,1,0
0.5,coarse,3,403.550198525241,3.55662066961044,2.26829268292683,401.281905842314,1,1,unslotted,1,1,0
0.6,coarse,3,403.550198525241,3.55662066961044,2.26829268292683,401.281905842314,1,1,unslotted,1,1,0
0.7,coarse,3,403.550198525241,3.55662066961044,2.26829268292683,401.281905842314,1,1,unslotted,1,1,0
0.8,coarse,3,403.550198525241,3.55662066961044,2.26829268292683,401.281905842314,1,1,unslotted,1,1,0
0.9,coarse,3,403.477027793534,3.48529407802935,2.26829268292683,401.208735110607,1,1,unslotted,1,1,0
0.95,coarse,3,403.477027793534,3.48529407802935,2.26829268292683,401.208735110607,1,1,unslotted,1,1,0
0.975,coarse,3,403.477027793534,3.48529407802935,2.26829268292683,401.208735110607,1,1,unslotted,1,1,0
0.01,coarse,3,632.790697674419,30.1148962598941,3.87804878048781,628.912648893931,1,1,unslotted,1,2,0
0.015,fine,3,623.571185479297,20.8999039425952,3.87804878048781,619.693136698809,1,1,unslotted,1,2,0
0.02,fine,3,619.327283040272,16.659763152973,3.87804878048781,615.449234259784,1,1,unslotted,1,2,0
0.025,coarse,3,612.156551332955,9.50302145013122,3.87804878048781,608.278502552467,1,1,unslotted,1,2,1
0.03,fine,3,612.156551332955,9.50302145013122,3.87804878048781,608.278502552467,1,1,unslotted,1,2,0
0.035,fine,3,612.156551332955,9.50302145013122,3.87804878048781,608.278502552467,1,1,unslotted,1,2,0
0.04,fine,3,612.156551332955,9.50302145013122,3.87804878048781,608.278502552467,1,1,unslotted,1,2,0
0.045,fine,3,612.156551332955,9.50302145013122,3.87804878048781,608.278502552467,1,1,unslotted,1,2,0
0.05,coarse,3,612.156551332955,9.50302145013122,3.87804878048781,608.278502552467,1,1,unslotted,1,2,0
0.1,coarse,3,607.766307430516,5.14062312515262,3.87804878048781,603.888258650028,1,1,unslotted,1,2,0
0.2,coarse,3,607.766307430516,5.14062312515262,3.87804878048781,603.888258650028,1,1,unslotted,1,2,0
0.3,coarse,3,607.766307430516,5.14062312515262,3.87804878048781,603.888258650028,1,1,unslotted,1,2,0
0.4,coarse,3,607.766307430516,5.14062312515262,3.87804878048781,603.888258650028,1,1,unslotted,1,2,0
0.5,coarse,3,607.766307430516,5.14062312515262,3.87804878048781,603.888258650028,1,1,unslotted,1,2,0
0.6,coarse,3,607.766307430516,5.14062312515262,3.87804878048781,603.888258650028,1,1,unslotted,1,2,0
0.7,coarse,3,607.766307430516,5.14062312515262,3.87804878048781,603.888258650028,1,1,unslotted,1,2,0
0.8,coarse,3,607.766307430516,5.14062312515262,3.87804878048781,603.888258650028,1,1,unslotted,1,2,0
0.9,coarse,3,607.766307430516,5.14062312515262,3.87804878048781,603.888258650028,1,1,unslotted,1,2,0
0.95,coarse,3,607.766307430516,5.14062312515262,3.87804878048781,603.888258650028,1,1,unslotted,1,2,0
0.975,coarse,3,607.766307430516,5.14062312515262,3.87804878048781,603.888258650028,1,1,unslotted,1,2,0
0.005,fine,3,815.201928530913,9.94230618124394,5.48780487804878,809.714123652864,1,1,unslotted,1,3,1
0.0075,fine,3,815.201928530913,9.94230618124394,5.48780487804878,809.714123652864,1,1,unslotted,1,3,0
0.01,coarse,3,815.201928530913,9.94230618124394,5.48780487804878,809.714123652864,1,1,unslotted,1,3,0
0.0125,fine,3,815.201928530913,9.94230618124394,5.48780487804878,809.714123652864,1,1,unslotted,1,3,0
0.015,fine,3,815.201928530913,9.94230618124394,5.48780487804878,809.714123652864,1,1,unslotted,1,3,0
0.0175,fine,3,815.201928530913,9.94230618124394,5.48780487804878,809.714123652864,1,1,unslotted,1,3,0
0.02,fine,3,815.201928530913,9.94230618124394,5.48780487804878,809.714123652864,1,1,unslotted,1,3,0
0.0225,fine,3,815.201928530913,9.94230618124394,5.48780487804878,809.714123652864,1,1,unslotted,1,3,0
0.025,coarse,3,815.201928530913,9.94230618124394,5.48780487804878,809.714123652864,1,1,unslotted,1,3,0
0.05,coarse,3,813.299489506523,8.0472170171341,5.48780487804878,807.811684628474,1,1,unslotted,1,3,0
0.1,coarse,3,813.299489506523,8.0472170171341,5.48780487804878,807.811684628474,1,1,unslotted,1,3,0
0.2,coarse,3,812.055587067499,6.81033652703572,5.48780487804878,806.56778218945,1,1,unslotted,1,3,0
0.3,coarse,3,812.055587067499,6.81033652703572,5.48780487804878,806.56778218945,1,1,unslotted,1,3,0
0.4,coarse,3,812.055587067499,6.81033652703572,5.48780487804878,806.56778218945,1,1,unslotted,1,3,0
0.5,coarse,3,812.055587067499,6.81033652703572,5.48780487804878,806.56778218945,1,1,unslotted,1,3,0
0.6,coarse,3,812.055587067499,6.81033652703572,5.48780487804878,806.56778218945,1,1,unslotted,1,3,0
0.7,coarse,3,812.055587067499,6.81033652703572,5.48780487804878,806.56778218945,1,1,unslotted,1,3,0
0.8,coarse,3,812.055587067499,6.81033652703572,5.48780487804878,806.56778218945,1,1,unslotted,1,3,0
0.9,coarse,3,812.055587067499,6.81033652703572,5.48780487804878,806.56778218945,1,1,unslotted,1,3,0
0.95,coarse,3,812.055587067499,6.81033652703572,5.48780487804878,806.56778218945,1,1,unslotted,1,3,0
0.975,coarse,3,812.055587067499,6.81033652703572,5.48780487804878,806.56778218945,1,1,unslotted,1,3,0
0.005,fine,3,1020.14634146341,12.1679620523649,7.16732841747022,1012.97901304594,1,1,unslotted,1,4,1
0.0075,fine,3,1020.14634146341,12.1679620523649,7.16732841747022,1012.97901304594,1,1,unslotted,1,4,0
0.01,coarse,3,1016.63414634146,8.66453533709293,7.16732841747022,1009.46681792399,1,1,unslotted,1,4,0
0.0125,fine,3,1016.63414634146,8.66453533709293,7.16732841747022,1009.46681792399,1,1,unslotted,1,4,0
0.015,fine,3,1016.63414634146,8.66453533709293,7.16732841747022,1009.46681792399,1,1,unslotted,1,4,0
0.0175,fine,3,1016.63414634146,8.66453533709293,7.16732841747022,1009.46681792399,1,1,unslotted,1,4,0
0.02,fine,3,1016.63414634146,8.66453533709293,7.16732841747022,1009.46681792399,1,1,unslotted,1,4,0
0.0225,fine,3,1016.63414634146,8.66453533709293,7.16732841747022,1009.46681792399,1,1,unslotted,1,4,0
0.025,coarse,3,1016.63414634146,8.66453533709293,7.16732841747022,1009.46681792399,1,1,unslotted,1,4,0
0.05,coarse,3,1016.63414634146,8.66453533709293,7.16732841747022,1009.46681792399,1,1,unslotted,1,4,0
0.1,coarse,3,1016.41463414634,8.44581300874588,7.16732841747022,1009.24730572887,1,1,unslotted,1,4,0
0.2,coarse,3,1016.41463414634,8.44581300874588,7.16732841747022,1009.24730572887,1,1,unslotted,1,4,0
0.3,coarse,3,1016.41463414634,8.44581300874588,7.16732841747022,1009.24730572887,1,1,unslotted,1,4,0
0.4,coarse,3,1016.41463414634,8.44581300874588,7.16732841747022,1009.24730572887,1,1,unslotted,1,4,0
0.5,coarse,3,1016.41463414634,8.44581300874588,7.16732841747022,1009.24730572887,1,1,unslotted,1,4,0
0.6,coarse,3,1016.41463414634,8.44581300874588,7.16732841747022,1009.24730572887,1,1,unslotted,1,4,0
0.7,coarse,3,1016.41463414634,8.44581300874588,7.16732841747022,1009.24730572887,1,1,unslotted,1,4,0
0.8,coarse,3,1016.41463414634,8.44581300874588,7.16732841747022,1009.24730572887,1,1,unslotted,1,4,0
0.9,coarse,3,1016.41463414634,8.44581300874588,7.16732841747022,1009.24730572887,1,1,unslotted,1,4,0
0.95,coarse,3,1016.41463414634,8.44581300874588,7.16732841747022,1009.24730572887,1,1,unslotted,1,4,0
0.975,coarse,3,1016.41463414634,8.44581300874588,7.16732841747022,1009.24730572887,1,1,unslotted,1,4,0
0.005,fine,3,1227.76233692569,13.7043305837342,10.3119682359614,1217.45036868973,1,1,unslotted,1,5,1
0.0075,fine,3,1227.76233692569,13.7043305837342,10.3119682359614,1217.45036868973,1,1,unslotted,1,5,0
0.01,coarse,3,1227.76233692569,13.7043305837342,10.3119682359614,1217.45036868973,1,1,unslotted,1,5,0
0.0125,fine,3,1227.76233692569,13.7043305837342,10.3119682359614,1217.45036868973,1,1,unslotted,1,5,0
0.015,fine,3,1227.76233692569,13.7043305837342,10.3119682359614,1217.45036868973,1,1,unslotted,1,5,0
0.0175,fine,3,1227.76233692569,13.7043305837342,10.3119682359614,1217.45036868973,1,1,unslotted,1,5,0
0.02,fine,3,1227.76233692569,13.7043305837342,10.3119682359614,1217.45036868973,1,1,unslotted,1,5,0
0.0225,fine,3,1227.76233692569,13.7043305837342,10.3119682359614,1217.45036868973,1,1,unslotted,1,5,0
0.025,coarse,3,1227.76233692569,13.7043305837342,10.3119682359614,1217.45036868973,1,1,unslotted,1,5,0
0.05,coarse,3,1223.51843448667,9.46048789422404,10.3119682359614,1213.20646625071,1,1,unslotted,1,5,0
0.1,coarse,3,1223.51843448667,9.46048789422404,10.3119682359614,1213.20646625071,1,1,unslotted,1,5,0
0.2,coarse,3,1223.37209302326,9.31414946227065,10.3119682359614,1213.06012478729,1,1,unslotted,1,5,0
0.3,coarse,3,1223.37209302326,9.31414946227065,10.3119682359614,1213.06012478729,1,1,unslotted,1,5,0
0.4,coarse,3,1223.37209302326,9.31414946227065,10.3119682359614,1213.06012478729,1,1,unslotted,1,5,0
0.5,coarse,3,1223.37209302326,9.31414946227065,10.3119682359614,1213.06012478729,1,1,unslotted,1,5,0
0.6,coarse,3,1223.00623936472,8.94830381617995,10.3119682359614,1212.69427112876,1,1,unslotted,1,5,0
0.7,coarse,3,1223.00623936472,8.94830381617995,10.3119682359614,1212.69427112876,1,1,unslotted,1,5,0
0.8,coarse,3,1223.00623936472,8.94830381617995,10.3119682359614,1212.69427112876,1,1,unslotted,1,5,0
0.9,coarse,3,1223.00623936472,8.94830381617995,10.3119682359614,1212.69427112876,1,1,unslotted,1,5,0
0.95,coarse,3,1223.00623936472,8.94830381617995,10.3119682359614,1212.69427112876,1,1,unslotted,1,5,0
0.975,coarse,3,1223.00623936472,8.94830381617995,10.3119682359614,1212.69427112876,1,1,unslotted,1,5,0
0.005,fine,3,1445.7311401021,24.4637728545633,13.4566080544526,1432.27453204765,1,1,unslotted,1,6,0
0.0075,fine,3,1432.48723766307,11.2199584880785,13.4566080544526,1419.03062960862,1,1,unslotted,1,6,1
0.01,coarse,3,1432.48723766307,11.2199584880785,13.4566080544526,1419.03062960862,1,1,unslotted,1,6,0
0.0125,fine,3,1432.48723766307,11.2199584880785,13.4566080544526,1419.03062960862,1,1,unslotted,1,6,0
0.015,fine,3,1432.48723766307,11.2199584880785,13.4566080544526,1419.03062960862,1,1,unslotted,1,6,0
0.0175,fine,3,1432.48723766307,11.2199584880785,13.4566080544526,1419.03062960862,1,1,unslotted,1,6,0
0.02,fine,3,1432.48723766307,11.2199584880785,13.4566080544526,1419.03062960862,1,1,unslotted,1,6,0
0.0225,fine,3,1432.48723766307,11.2199584880785,13.4566080544526,1419.03062960862,1,1,unslotted,1,6,0
0.025,coarse,3,1431.60918888259,10.3419235199026,13.4566080544526,1418.15258082813,1,1,unslotted,1,6,0
0.05,coarse,3,1431.38967668746,10.1224151522687,13.4566080544526,1417.93306863301,1,1,unslotted,1,6,0
0.1,coarse,3,1430.51162790698,9.24438349942702,13.4566080544526,1417.05501985252,1,1,unslotted,1,6,0
0.2,coarse,3,1430.51162790698,9.24438349942702,13.4566080544526,1417.05501985252,1,1,unslotted,1,6,0
0.3,coarse,3,1430.43845717527,9.17121434305911,13.4566080544526,1416.98184912082,1,1,unslotted,1,6,0
0.4,coarse,3,1430.43845717527,9.17121434305911,13.4566080544526,1416.98184912082,1,1,unslotted,1,6,0
0.5,coarse,3,1430.43845717527,9.17121434305911,13.4566080544526,1416.98184912082,1,1,unslotted,1,6,0
0.6,coarse,3,1430.36528644356,9.09804521203017,13.4566080544526,1416.90867838911,1,1,unslotted,1,6,0
0.7,coarse,3,1430.36528644356,9.09804521203017,13.4566080544526,1416.90867838911,1,1,unslotted,1,6,0
0.8,coarse,3,1430.36528644356,9.09804521203017,13.4566080544526,1416.90867838911,1,1,unslotted,1,6,0
0.9,coarse,3,1430.36528644356,9.09804521203017,13.4566080544526,1416.90867838911,1,1,unslotted,1,6,0
0.95,coarse,3,1430.36528644356,9.09804521203017,13.4566080544526,1416.90867838911,1,1,unslotted,1,6,0
0.975,coarse,3,1430.36528644356,9.09804521203017,13.4566080544526,1416.90867838911,1,1,unslotted,1,6,0
0.01,coarse,3,414.219122197086,6.46354248930926,0,414.219122197086,1,1,unslotted,3,1,0
0.015,fine,3,413.201265054228,5.45016869449431,0,413.201265054228,1,1,unslotted,3,1,0
0.02,fine,3,410.62604381529,6.91492499685138,0,410.62604381529,1,1,unslotted,3,1,1
0.025,coarse,3,410.62604381529,6.91492499685138,0,410.62604381529,1,1,unslotted,3,1,0
0.03,fine,3,410.43854381529,6.73315354360293,0,410.43854381529,1,1,unslotted,3,1,0
0.035,fine,3,410.43854381529,6.73315354360293,0,410.43854381529,1,1,unslotted,3,1,0
0.04,fine,3,409.991175394238,6.86703728223124,0,409.991175394238,1,1,unslotted,3,1,0
0.045,fine,3,409.701701710027,6.96761730190039,0,409.701701710027,1,1,unslotted,3,1,0
0.05,coarse,3,414.255273138599,11.4905581544788,0,414.255273138599,1,1,unslotted,3,1,0
0.1,coarse,3,407.826701710027,5.12103394978983,0,407.826701710027,1,1,unslotted,3,1,0
0.2,coarse,3,414.703502395369,5.3507570690025,0,414.703502395369,1,1,unslotted,3,1,0
0.3,coarse,3,414.545607658527,5.50453015998797,0,414.545607658527,1,1,unslotted,3,1,0
0.4,coarse,3,409.766609554861,4.12736247621359,0,409.766609554861,1,1,unslotted,3,1,0
0.5,coarse,3,409.686252412004,4.05022970717941,0,409.686252412004,1,1,unslotted,3,1,0
0.6,coarse,3,410.757918025151,5.12082459020659,0,410.757918025151,1,1,unslotted,3,1,0
0.7,coarse,3,410.677560882294,5.04245640490618,0,410.677560882294,1,1,unslotted,3,1,0
0.8,coarse,3,410.677560882294,5.04245640490618,0,410.677560882294,1,1,unslotted,3,1,0
0.9,coarse,3,417.106132310866,11.399760814937,0,417.106132310866,1,1,unslotted,3,1,0
0.95,coarse,3,417.106132310866,11.399760814937,0,417.106132310866,1,1,unslotted,3,1,0
0.975,coarse,3,3341.99229302515,2936.23063096015,127.125,3214.86729302515,0.857142857142857,0.571428571428571,unslotted,3,1,0
0.01,coarse,3,635.637995708297,18.6904969527483,0,635.637995708297,1,1,unslotted,3,2,0
0.025,coarse,3,627.068226428904,10.4006857674737,0,627.068226428904,1,1,unslotted,3,2,0
0.034375,fine,3,626.064354747488,7.45256429530417,0,626.064354747488,1,1,unslotted,3,2,1
0.04375,fine,3,623.559185574556,6.27637900120195,0,623.559185574556,1,1,unslotted,3,2,0
0.05,coarse,3,623.559185574556,6.27637900120195,0,623.559185574556,1,1,unslotted,3,2,0
0.053125,fine,3,624.674229822343,6.23284508824489,0,624.674229822343,1,1,unslotted,3,2,0
0.0625,fine,3,623.990019296028,6.84894232606762,0,623.990019296028,1,1,unslotted,3,2,0
0.071875,fine,3,622.529842304877,6.86484027173733,0,622.529842304877,1,1,unslotted,3,2,0
0.08125,fine,3,622.529842304877,6.86484027173733,0,622.529842304877,1,1,unslotted,3,2,0
0.090625,fine,3,622.529842304877,6.86484027173733,0,622.529842304877,1,1,unslotted,3,2,0
0.1,coarse,3,620.642753177191,7.00751900301784,0,620.642753177191,1,1,unslotted,3,2,0
0.2,coarse,3,621.505539290705,8.39850413215703,0,621.505539290705,1,1,unslotted,3,2,0
0.3,coarse,3,622.221642324839,8.08612714292699,0,622.221642324839,1,1,unslotted,3,2,0
0.4,coarse,3,619.687666345066,7.13719202095024,0,619.687666345066,1,1,unslotted,3,2,0
0.5,coarse,3,619.713503892474,7.02113529154319,0,619.713503892474,1,1,unslotted,3,2,0
0.6,coarse,3,619.554211857076,7.07679280096322,0,619.554211857076,1,1,unslotted,3,2,0
0.7,coarse,3,619.554211857076,7.07679280096322,0,619.554211857076,1,1,unslotted,3,2,0
0.8,coarse,3,619.527426142791,7.05033398449433,0,619.527426142791,1,1,unslotted,3,2,0
0.9,coarse,3,622.715396067603,10.2530912069092,0,622.715396067603,1,1,unslotted,3,2,0
0.95,coarse,3,623.786824639031,11.3186824447897,0,623.786824639031,1,1,unslotted,3,2,0
0.975,coarse,3,663.402896067603,50.8913003547425,0,663.402896067603,1,1,unslotted,3,2,0
0.005,fine,3,853.734392674163,24.5240460310083,0,853.734392674163,1,1,unslotted,3,3,0
0.0075,fine,3,849.235340841041,25.2436969730094,0,849.235340841041,1,1,unslotted,3,3,1
0.01,coarse,3,849.235340841041,25.2436969730094,0,849.235340841041,1,1,unslotted,3,3,0
0.0125,fine,3,846.787972419988,25.9828860755047,0,846.787972419988,1,1,unslotted,3,3,0
0.015,fine,3,836.502258134274,15.945088279297,0,836.502258134274,1,1,unslotted,3,3,0
0.0175,fine,3,835.466859904185,16.7071782680863,0,835.466859904185,1,1,unslotted,3,3,0
0.02,fine,3,835.466859904185,16.7071782680863,0,835.466859904185,1,1,unslotted,3,3,0
0.0225,fine,3,835.466859904185,16.7071782680863,0,835.466859904185,1,1,unslotted,3,3,0
0.025,coarse,3,835.466859904185,16.7071782680863,0,835.466859904185,1,1,unslotted,3,3,0
0.05,coarse,3,836.7669588795,9.84431639239157,0,836.7669588795,1,1,unslotted,3,3,0
0.1,coarse,3,836.2044588795,9.28209404077547,0,836.2044588795,1,1,unslotted,3,3,0
0.2,coarse,3,848.610473917094,22.0387186337651,0,848.610473917094,1,1,unslotted,3,3,0
0.3,coarse,3,842.26913384124,16.8692571958842,0,842.26913384124,1,1,unslotted,3,3,0
0.4,coarse,3,843.286990984097,17.8861345887812,0,843.286990984097,1,1,unslotted,3,3,0
0.5,coarse,3,842.916020693326,10.0272641918402,0,842.916020693326,1,1,unslotted,3,3,0
0.6,coarse,3,842.916020693326,10.0272641918402,0,842.916020693326,1,1,unslotted,3,3,0
0.7,coarse,3,841.603520693326,8.84205282063798,0,841.603520693326,1,1,unslotted,3,3,0
0.8,coarse,3,853.258387949963,14.2826049149875,0,853.258387949963,1,1,unslotted,3,3,0
0.9,coarse,3,868.194149644021,20.7318525427369,0,868.194149644021,1,1,unslotted,3,3,0
0.95,coarse,3,879.831475813427,27.7124426624123,0,879.831475813427,1,1,unslotted,3,3,0
0.975,coarse,3,879.831475813427,27.7124426624123,0,879.831475813427,1,1,unslotted,3,3,0
0.005,fine,3,1074.66776315789,18.7487329327187,0.428571428571429,1074.23919172932,1,1,unslotted,3,4,0
0.0075,fine,3,1074.66776315789,18.7487329327187,0.428571428571429,1074.23919172932,1,1,unslotted,3,4,0
0.01,coarse,3,1070.08881578947,19.6934064261497,0.428571428571429,1069.6602443609,1,1,unslotted,3,4,1
0.0125,fine,3,1069.95723684211,19.7355923398175,0.428571428571429,1069.52866541353,1,1,unslotted,3,4,0
0.015,fine,3,1069.95723684211,19.7355923398175,0.428571428571429,1069.52866541353,1,1,unslotted,3,4,0
0.0175,fine,3,1069.95723684211,19.7355923398175,0.428571428571429,1069.52866541353,1,1,unslotted,3,4,0
0.02,fine,3,1069.23402255639,19.0264648398293,0.428571428571429,1068.80545112782,1,1,unslotted,3,4,0
0.0225,fine,3,1065.91259398496,15.7861540157334,0.428571428571429,1065.48402255639,1,1,unslotted,3,4,0
0.025,coarse,3,1066.68937969925,16.5410860648363,0.428571428571429,1066.26080827068,1,1,unslotted,3,4,0
0.05,coarse,3,1068.18876006388,14.7812218994278,0.428571428571429,1067.76018863531,1,1,unslotted,3,4,0
0.1,coarse,3,1058.03350605496,15.3985158143106,0.428571428571429,1057.60493462639,1,1,unslotted,3,4,0
0.2,coarse,3,1057.39420453789,15.4159270267431,0.428571428571429,1056.96563310932,1,1,unslotted,3,4,0
0.3,coarse,3,1057.23349025218,15.2579082769047,0.428571428571429,1056.80491882361,1,1,unslotted,3,4,0
0.4,coarse,3,1069.86037411005,26.5748531315521,0.428571428571429,1069.43180268148,1,1,unslotted,3,4,0
0.5,coarse,3,1059.02014854614,14.6313396955401,0.428571428571429,1058.59157711757,1,1,unslotted,3,4,0
0.6,coarse,3,1070.09441330095,14.8812703368471,0.428571428571429,1069.66584187238,1,1,unslotted,3,4,0
0.7,coarse,3,1069.96236442877,14.9051820262488,0.428571428571429,1069.5337930002,1,1,unslotted,3,4,0
0.8,coarse,3,1064.06761095216,18.4610719750204,0.428571428571429,1063.63903952359,1,1,unslotted,3,4,0
0.9,coarse,3,1155.50417526116,82.3189422501106,0.428571428571429,1155.07560383259,1,1,unslotted,3,4,0
0.95,coarse,3,1165.2673331559,75.3738949418893,0.428571428571429,1164.83876172733,1,1,unslotted,3,4,0
0.975,coarse,3,1173.37541586267,95.7000405201283,0.428571428571429,1172.94684443409,1,1,unslotted,3,4,0
0.005,fine,3,1343.36983498569,43.9466027866479,1.01785714285714,1342.35197784284,1,1,unslotted,3,5,0
0.0075,fine,3,1335.61762259631,51.3705774425841,1.01785714285714,1334.59976545346,1,1,unslotted,3,5,1
0.01,coarse,3,1310.14628800985,43.3676413737641,1.01785714285714,1309.12843086699,1,1,unslotted,3,5,0
0.0125,fine,3,1300.79807372413,35.3876237191324,1.01785714285714,1299.78021658128,1,1,unslotted,3,5,0
0.015,fine,3,1308.22767233349,28.0280821843504,1.01785714285714,1307.20981519063,1,1,unslotted,3,5,0
0.0175,fine,3,1342.21498436356,63.6923394950436,1.01785714285714,1341.19712722071,1,1,unslotted,3,5,0
0.02,fine,3,1337.85972120567,62.2152450518783,1.01785714285714,1336.84186406281,1,1,unslotted,3,5,0
0.0225,fine,3,1320.15436406281,44.786948726697,1.01785714285714,1319.13650691995,1,1,unslotted,3,5,0
0.025,coarse,3,1318.94900691995,43.6085696885093,1.01785714285714,1317.9311497771,1,1,unslotted,3,5,0
0.05,coarse,3,1302.60878135605,33.3839251353638,1.01785714285714,1301.59092421319,1,1,unslotted,3,5,0
0.1,coarse,3,1301.41365443476,32.6519706935082,1.01785714285714,1300.3957972919,1,1,unslotted,3,5,0
0.2,coarse,3,1302.5635604498,33.6347015395683,1.01785714285714,1301.54570330694,1,1,unslotted,3,5,0
0.3,coarse,3,1309.47145518664,38.2756421909601,1.01785714285714,1308.45359804378,1,1,unslotted,3,5,0
0.4,coarse,3,1310.15425593852,38.0075118064947,1.01785714285714,1309.13639879566,1,1,unslotted,3,5,0
0.5,coarse,3,1310.65049654002,39.4484171580082,1.01785714285714,1309.63263939717,1,1,unslotted,3,5,0
0.6,coarse,3,1335.2120566904,40.2567699948635,1.01785714285714,1334.19419954754,1,1,unslotted,3,5,0
0.7,coarse,3,1347.56534034201,31.4758053652193,1.01785714285714,1346.54748319915,1,1,unslotted,3,5,0
0.8,coarse,3,1328.49542135205,39.7363507461118,1.01785714285714,1327.4775642092,1,1,unslotted,3,5,0
0.9,coarse,3,1411.43339127686,88.4197540810514,1.01785714285714,1410.41553413401,1,1,unslotted,3,5,0
0.95,coarse,3,1485.10068450995,127.39198744761,1.01785714285714,1484.08282736709,1,1,unslotted,3,5,0
0.975,coarse,3,1870.54946270544,310.606685685371,1.01785714285714,1869.53160556258,1,1,unslotted,3,5,0
0.005,fine,3,1572.40318717147,64.2537121969172,1.60714285714286,1570.79604431433,1,1,unslotted,3,6,1
0.0075,fine,3,1554.32283002861,46.7811711674473,1.60714285714286,1552.71568717147,1,1,unslotted,3,6,0
0.01,coarse,3,1554.32283002861,46.7811711674473,1.60714285714286,1552.71568717147,1,1,unslotted,3,6,0
0.0125,fine,3,1565.17104431433,57.2193942078259,1.60714285714286,1563.56390145718,1,1,unslotted,3,6,0
0.015,fine,3,1561.50140145718,53.6702433377132,1.60714285714286,1559.89425860004,1,1,unslotted,3,6,0
0.0175,fine,3,1559.89613829929,54.1022171561931,1.60714285714286,1558.28899544215,1,1,unslotted,3,6,0
0.02,fine,3,1557.64732350788,52.1400684788411,1.60714285714286,1556.04018065074,1,1,unslotted,3,6,0
0.0225,fine,3,1557.64732350788,52.1400684788411,1.60714285714286,1556.04018065074,1,1,unslotted,3,6,0
0.025,coarse,3,1556.67363929736,52.4132272669586,1.60714285714286,1555.06649644022,1,1,unslotted,3,6,0
0.05,coarse,3,1563.87656780225,55.0471494324232,1.60714285714286,1562.26942494511,1,1,unslotted,3,6,0
0.1,coarse,3,1581.18746673099,48.5473333199645,1.60714285714286,1579.58032387384,1,1,unslotted,3,6,0
0.2,coarse,3,1535.72271109189,36.9236224558217,1.60714285714286,1534.11556823475,1,1,unslotted,3,6,0
0.3,coarse,3,1536.04385687671,41.5560672862926,1.60714285714286,1534.43671401956,1,1,unslotted,3,6,0
0.4,coarse,3,1538.27615360303,37.7558085475663,1.60714285714286,1536.66901074589,1,1,unslotted,3,6,0
0.5,coarse,3,1536.06398462972,38.1921680299801,1.60714285714286,1534.45684177257,1,1,unslotted,3,6,0
0.6,coarse,3,1543.27601220973,45.0231548765907,1.60714285714286,1541.66886935258,1,1,unslotted,3,6,0
0.7,coarse,3,1543.11390062546,44.9454877082004,1.60714285714286,1541.50675776831,1,1,unslotted,3,6,0
0.8,coarse,3,1565.05140062546,66.2894505235499,1.60714285714286,1563.44425776831,1,1,unslotted,3,6,0
0.9,coarse,3,1559.2915322044,58.6731817703626,1.60714285714286,1557.68438934726,1,1,unslotted,3,6,0
0.95,coarse,3,2921.26217645885,1118.11036789358,41.0808270676692,2880.18134939118,1,1,unslotted,3,6,0
0.975,coarse,3,2519.74725530641,432.108669040307,1.60714285714286,2518.14011244926,1,1,unslotted,3,6,0
0.01,coarse,3,436.583450210379,13.8897540252848,0.408450704225352,436.174999506153,1,1,unslotted,5,1,0
0.015,fine,3,425.235011753551,8.34015134549704,0.408450704225352,424.826561049325,1,1,unslotted,5,1,0
0.02,fine,3,421.093146066676,6.11706331275753,0.408450704225352,420.684695362451,1,1,unslotted,5,1,1
0.025,coarse,3,419.952300996253,5.78024733498387,0.408450704225352,419.543850292028,1,1,unslotted,5,1,0
0.03,fine,3,422.183572684353,7.18898375885287,0.408450704225352,421.775121980128,1,1,unslotted,5,1,0
0.035,fine,3,421.835746597397,6.91362921411263,0.408450704225352,421.427295893171,1,1,unslotted,5,1,0
0.04,fine,3,420.146218122197,6.42314460137292,0.408450704225352,419.737767417972,1,1,unslotted,5,1,0
0.045,fine,3,420.146218122197,6.42314460137292,0.408450704225352,419.737767417972,1,1,unslotted,5,1,0
0.05,coarse,3,420.146218122197,6.42314460137292,0.408450704225352,419.737767417972,1,1,unslotted,5,1,0
0.1,coarse,3,416.715643087134,4.48592765881164,0.408450704225352,416.307192382909,1,1,unslotted,5,1,0
0.2,coarse,3,417.178130494044,5.14650309607329,0.408450704225352,416.769679789819,1,1,unslotted,5,1,0
0.3,coarse,3,432.815597653241,19.111593224874,0.408450704225352,432.407146949015,1,1,unslotted,5,1,0
0.4,coarse,3,426.695359158222,13.7172655233972,0.408450704225352,426.286908453997,1,1,unslotted,5,1,0
0.5,coarse,3,418.385500003292,6.24342797726748,0.408450704225352,417.977049299067,1,1,unslotted,5,1,0
0.6,coarse,3,426.46796252033,13.5269759446785,0.408450704225352,426.059511816105,1,1,unslotted,5,1,0
0.7,coarse,3,424.125641177594,9.2508043733808,0.408450704225352,423.717190473368,1,1,unslotted,5,1,0
0.8,coarse,3,436.593900005926,21.9983624349364,0.408450704225352,436.185449301701,1,1,unslotted,5,1,0
0.9,coarse,3,473.720660569307,58.7661348781395,0.408450704225352,473.312209865081,1,1,unslotted,5,1,0
0.95,coarse,3,482.410801414377,67.4290914820393,0.408450704225352,482.002350710152,1,1,unslotted,5,1,0
0.975,coarse,3,481.917843667898,66.9374872464289,0.408450704225352,481.509392963673,1,1,unslotted,5,1,0
0.01,coarse,3,649.389299330344,9.10470876192248,0.830985915492958,648.558313414851,1,1,unslotted,5,2,0
0.015,fine,3,647.540304472934,10.1661601358699,0.830985915492958,646.709318557441,1,1,unslotted,5,2,0
0.02,fine,3,640.285966853011,6.56042437272862,0.830985915492958,639.454980937518,1,1,unslotted,5,2,1
0.025,coarse,3,638.439381967353,7.93319303244283,0.830985915492958,637.60839605186,1,1,unslotted,5,2,0
0.03,fine,3,638.155650593604,7.78577073144011,0.830985915492958,637.324664678111,1,1,unslotted,5,2,0
0.035,fine,3,637.735933600669,7.86170373901635,0.830985915492958,636.904947685176,1,1,unslotted,5,2,0
0.04,fine,3,637.446078528205,7.72636126448616,0.830985915492958,636.615092612712,1,1,unslotted,5,2,0
0.045,fine,3,637.446078528205,7.72636126448616,0.830985915492958,636.615092612712,1,1,unslotted,5,2,0
0.05,coarse,3,636.953120781726,7.46849974303321,0.830985915492958,636.122134866233,1,1,unslotted,5,2,0
0.1,coarse,3,635.542220598015,6.84855715056162,0.830985915492958,634.711234682522,1,1,unslotted,5,2,0
0.2,coarse,3,635.352998307752,6.7244573561061,0.830985915492958,634.522012392259,1,1,unslotted,5,2,0
0.3,coarse,3,640.47853413139,9.79669183426323,0.830985915492958,639.647548215897,1,1,unslotted,5,2,0
0.4,coarse,3,636.659183243453,7.33796624896594,0.830985915492958,635.82819732796,1,1,unslotted,5,2,0
0.5,coarse,3,637.27808506015,7.7066180010719,0.830985915492958,636.447099144657,1,1,unslotted,5,2,0
0.6,coarse,3,664.98965885072,30.1567592566933,0.830985915492958,664.158672935227,1,1,unslotted,5,2,0
0.7,coarse,3,646.847180793974,13.5989973730928,0.830985915492958,646.016194878481,1,1,unslotted,5,2,0
0.8,coarse,3,668.900865219367,34.7684771949747,0.830985915492958,668.069879303874,1,1,unslotted,5,2,0
0.9,coarse,3,774.957604909494,106.43079988484,0.830985915492958,774.126618994001,1,1,unslotted,5,2,0
0.95,coarse,3,734.62814991868,99.3520480433396,0.830985915492958,733.797164003187,1,1,unslotted,5,2,0
0.975,coarse,3,9347.67420523609,8644.60276776418,0,9347.67420523609,0.704225352112676,0.112676056338028,unslotted,5,2,0
0.01,coarse,3,882.949808716723,4.22964293102872,1.4651969789753,881.484611737748,1,1,unslotted,5,3,0
0.015,fine,3,878.207873232852,7.58283786767474,1.4651969789753,876.742676253877,1,1,unslotted,5,3,0
0.02,fine,3,872.596263885322,9.04353941909418,1.4651969789753,871.131066906347,1,1,unslotted,5,3,1
0.025,coarse,3,869.513781614418,7.30264603569544,1.4651969789753,868.048584635442,1,1,unslotted,5,3,0
0.03,fine,3,872.136970020215,8.63719520421398,1.4651969789753,870.67177304124,1,1,unslotted,5,3,0
0.035,fine,3,873.742603823032,9.34797248862148,1.4651969789753,872.277406844056,1,1,unslotted,5,3,0
0.04,fine,3,889.004902251282,21.7980872932015,1.4651969789753,887.539705272307,1,1,unslotted,5,3,0
0.045,fine,3,888.802003700558,21.8301926296092,1.4651969789753,887.336806721582,1,1,unslotted,5,3,0
0.05,coarse,3,876.486313862605,12.5316700901036,1.4651969789753,875.02111688363,1,1,unslotted,5,3,0
0.1,coarse,3,878.147100461582,15.6821936845225,1.4651969789753,876.681903482607,1,1,unslotted,5,3,0
0.2,coarse,3,869.361568193641,11.4436432119097,1.4651969789753,867.896371214665,1,1,unslotted,5,3,0
0.3,coarse,3,865.129071765798,9.09295070165177,1.4651969789753,863.663874786823,1,1,unslotted,5,3,0
0.4,coarse,3,873.662439339167,15.1005150650681,1.4651969789753,872.197242360192,1,1,unslotted,5,3,0
0.5,coarse,3,887.03945176435,20.651356773884,1.4651969789753,885.574254785374,1,1,unslotted,5,3,0
0.6,coarse,3,905.775316226485,46.0953117020893,1.4651969789753,904.310119247509,1,1,unslotted,5,3,0
0.7,coarse,3,902.267865726383,42.661758634807,1.4651969789753,900.802668747407,1,1,unslotted,5,3,0
0.8,coarse,3,995.91370852511,135.838226005751,1.4651969789753,994.448511546135,1,1,unslotted,5,3,0
0.9,coarse,3,945.052100823736,85.1568469274711,1.4651969789753,943.586903844761,1,1,unslotted,5,3,0
0.95,coarse,3,1396.22111490824,536.023816296254,1.4651969789753,1394.75591792927,1,1,unslotted,5,3,0
0.975,coarse,3,5212.12463475923,4331.15480191354,0.0144927536231884,5212.11014200561,0.716744913928013,0.150234741784038,unslotted,5,3,0
0.01,coarse,3,1156.04925955923,29.1122473794018,3.04143702796489,1153.00782253126,1,1,unslotted,5,4,0
0.015,fine,3,1138.84625894686,22.4141934749349,3.04143702796489,1135.80482191889,1,1,unslotted,5,4,0
0.02,fine,3,1127.23858391113,16.5741314510694,3.04143702796489,1124.19714688317,1,1,unslotted,5,4,1
0.025,coarse,3,1124.58926772416,15.1048686223326,3.04143702796489,1121.54783069619,1,1,unslotted,5,4,0
0.03,fine,3,1124.55892249241,16.0381681280932,3.04143702796489,1121.51748546445,1,1,unslotted,5,4,0
0.035,fine,3,1125.79835911213,16.7016372903386,3.04143702796489,1122.75692208416,1,1,unslotted,5,4,0
0.04,fine,3,1124.18038572717,16.5506956267519,3.04143702796489,1121.13894869921,1,1,unslotted,5,4,0
0.045,fine,3,1122.27201733073,15.9108939044183,3.04143702796489,1119.23058030276,1,1,unslotted,5,4,0
0.05,coarse,3,1130.94499865015,21.2418248372526,3.04143702796489,1127.90356162219,1,1,unslotted,5,4,0
0.1,coarse,3,1125.63419460193,20.3849238904528,3.04143702796489,1122.59275757396,1,1,unslotted,5,4,0
0.2,coarse,3,1118.51461456914,18.6975078144465,3.04143702796489,1115.47317754117,1,1,unslotted,5,4,0
0.3,coarse,3,1134.84181103451,31.9614906715226,3.04143702796489,1131.80037400655,1,1,unslotted,5,4,0
0.4,coarse,3,1159.19042398383,39.8299650643149,3.04143702796489,1156.14898695586,1,1,unslotted,5,4,0
0.5,coarse,3,1150.96281334571,33.1602387835597,3.04143702796489,1147.92137631775,1,1,unslotted,5,4,0
0.6,coarse,3,1150.62703053289,31.4676600810782,3.04143702796489,1147.58559350493,1,1,unslotted,5,4,0
0.7,coarse,3,1159.93054869657,39.0469883900212,3.04143702796489,1156.88911166861,1,1,unslotted,5,4,0
0.8,coarse,3,1201.65978573639,77.2754767902587,3.04143702796489,1198.61834870843,1,1,unslotted,5,4,0
0.9,coarse,3,1350.60567331055,159.414733688012,3.04143702796489,1347.56423628259,1,1,unslotted,5,4,0
0.95,coarse,3,7159.51005264613,3973.47622288794,191.59429280397,6967.91575984216,0.896940418679549,0.690821256038647,unslotted,5,4,0
0.975,coarse,3,30546.847826087,19577.808304628,386.54347826087,30160.3043478261,0.299586046746428,0.0161290322580645,unslotted,5,4,0
0.01,coarse,3,1409.11558645938,26.1541933948708,5.38926311492141,1403.72632334446,1,1,unslotted,5,5,0
0.015,fine,3,1401.74552410301,26.4602297850979,5.38926311492141,1396.35626098809,1,1,unslotted,5,5,1
0.02,fine,3,1393.49782707465,27.966656604169,5.38926311492141,1388.10856395973,1,1,unslotted,5,5,0
0.025,coarse,3,1388.65623662499,29.3642862977627,5.38926311492141,1383.26697351006,1,1,unslotted,5,5,0
0.03,fine,3,1388.2430680389,29.3321296024716,5.38926311492141,1382.85380492398,1,1,unslotted,5,5,0
0.035,fine,3,1385.30274117825,28.5785387293894,5.38926311492141,1379.91347806333,1,1,unslotted,5,5,0
0.04,fine,3,1404.59481197611,44.5729373634462,5.38926311492141,1399.20554886119,1,1,unslotted,5,5,0
0.045,fine,3,1398.40477319269,39.4184235334426,5.38926311492141,1393.01551007776,1,1,unslotted,5,5,0
0.05,coarse,3,1416.1218583121,55.3212608173211,5.38926311492141,1410.73259519718,1,1,unslotted,5,5,0
0.1,coarse,3,1380.08293331753,26.8920521726646,5.38926311492141,1374.69367020261,1,1,unslotted,5,5,0
0.2,coarse,3,1388.42530404493,30.5886627480733,5.38926311492141,1383.03604093001,1,1,unslotted,5,5,0
0.3,coarse,3,1420.22809790016,50.0218745675907,5.38926311492141,1414.83883478524,1,1,unslotted,5,5,0
0.4,coarse,3,1445.02630885829,59.0452682683727,5.38926311492141,1439.63704574337,1,1,unslotted,5,5,0
0.5,coarse,3,1453.80936860057,87.1350470919998,5.38926311492141,1448.42010548565,1,1,unslotted,5,5,0
0.6,coarse,3,1381.83546345864,25.7383081230017,5.38926311492141,1376.44620034372,1,1,unslotted,5,5,0
0.7,coarse,3,1425.12762973352,48.525432008597,5.38926311492141,1419.7383666186,1,1,unslotted,5,5,0
0.8,coarse,3,1624.63533044927,124.514346480369,5.38926311492141,1619.24606733435,1,1,unslotted,5,5,0
0.9,coarse,3,1799.6470774154,223.675495449504,14.3751786078792,1785.27189880752,1,1,unslotted,5,5,0
0.95,coarse,3,22215.0195929855,13564.3754582897,10.258389261745,22204.7612037237,0.577963756775759,0.0140845070422535,unslotted,5,5,0
0.975,coarse,3,1481440.89130435,1430680.06315635,12.3586956521739,1481428.5326087,0.168049803156375,0.00469483568075117,unslotted,5,5,0
0.01,coarse,3,1732.15086357321,49.9632957952608,18.4521330883854,1713.69873048483,1,1,unslotted,5,6,0
0.015,fine,3,1707.80565487361,40.1759320068882,12.4521330883854,1695.35352178522,1,1,unslotted,5,6,1
0.02,fine,3,1693.55533716558,46.6823207069578,12.4521330883854,1681.1032040772,1,1,unslotted,5,6,0
0.025,coarse,3,1688.28428777433,45.1927059751905,12.4521330883854,1675.83215468595,1,1,unslotted,5,6,0
0.03,fine,3,1683.47810942325,44.2782260597627,12.1563584404981,1671.32175098275,1,1,unslotted,5,6,0
0.035,fine,3,1706.07829445114,66.8493637366762,12.1563584404981,1693.92193601064,1,1,unslotted,5,6,0
0.04,fine,3,1698.04522647808,67.3093012676383,12.1563584404981,1685.88886803759,1,1,unslotted,5,6,0
0.045,fine,3,1701.26886658897,68.5011683877607,12.1563584404981,1689.11250814847,1,1,unslotted,5,6,0
0.05,coarse,3,1701.26886658897,68.5011683877607,12.1563584404981,1689.11250814847,1,1,unslotted,5,6,0
0.1,coarse,3,1679.32478978593,49.2746598952659,12.1563584404981,1667.16843134544,1,1,unslotted,5,6,0
0.2,coarse,3,1784.0031342802,134.408481026027,14.3535415390896,1769.64959274111,1,1,unslotted,5,6,0
0.3,coarse,3,1751.51996457473,90.6357642265235,14.3394570320474,1737.18050754268,1,1,unslotted,5,6,0
0.4,coarse,3,1779.47374381869,107.718327884085,12.4098795672586,1767.06386425143,1,1,unslotted,5,6,0
0.5,coarse,3,1686.53224818758,50.6371134335535,12.7338232292305,1673.79842495835,1,1,unslotted,5,6,0
0.6,coarse,3,1716.37595559331,57.4923034534235,13.0014288630333,1703.37452673027,1,1,unslotted,5,6,0
0.7,coarse,3,1829.86952570966,118.033831496931,10.7197387221882,1819.14978698747,1,1,unslotted,5,6,0
0.8,coarse,3,1941.10519263312,171.149150186355,17.4521330883854,1923.65305954474,1,1,unslotted,5,6,0
0.9,coarse,3,2155.12111095747,288.379682242255,28.1845274545826,2126.93658350289,1,1,unslotted,5,6,0
0.95,coarse,3,2196.10465116279,810.104651162791,137.093023255814,2059.01162790698,0.155732169757415,0,unslotted,5,6,0
0.975,coarse,3,8415,0,0,8415,0.0017921146953405,0,unslotted,5,6,0
