protocol,load_mode,lambda_base,lambda_effective,M,Tp_us,best_q,q_tuning_best_q,q_selection_mode,q_stable_basin_left,q_stable_basin_right,q_search_boundary_hit,q_refinement_passes,q_preferred_neighbor_radius,q_neighbor_radius_used,q_validation_runs,q_validation_candidates_tested,q_validation_passed,q_validation_selected_rank,stable_fraction,n_arrived,n_arrived_ci95,n_completed,n_completed_ci95,n_censored,n_censored_ci95,final_backlog,final_backlog_ci95,mean_delay_us,mean_delay_us_ci95,mean_queue_delay_us,mean_queue_delay_us_ci95,mean_access_delay_us,mean_access_delay_us_ci95,conditional_mean_delay_us,conditional_mean_delay_us_ci95,p50_delay_us,p50_delay_us_ci95,p95_delay_us,p95_delay_us_ci95,p99_delay_us,p99_delay_us_ci95,conditional_p50_delay_us,conditional_p50_delay_us_ci95,conditional_p95_delay_us,conditional_p95_delay_us_ci95,conditional_p99_delay_us,conditional_p99_delay_us_ci95,mean_boundary_wait_us,mean_boundary_wait_us_ci95,mean_difs_wait_us,mean_difs_wait_us_ci95,mean_probability_wait_us,mean_probability_wait_us_ci95,mean_busy_nav_wait_us,mean_busy_nav_wait_us_ci95,mean_collision_delay_us,mean_collision_delay_us_ci95,mean_control_delay_us,mean_control_delay_us_ci95,mean_data_delay_us,mean_data_delay_us_ci95,mean_other_access_delay_us,mean_other_access_delay_us_ci95,arrival_rate_pkt_s,arrival_rate_pkt_s_ci95,goodput_pkt_s,goodput_pkt_s_ci95,normalized_offered_units_s,normalized_offered_units_s_ci95,normalized_goodput_units_s,normalized_goodput_units_s_ci95,goodput_bit_s,goodput_bit_s_ci95,payload_airtime,payload_airtime_ci95,mean_system_packets,mean_system_packets_ci95,mean_waiting_packets,mean_waiting_packets_ci95,mean_service_packets,mean_service_packets_ci95,backlog_slope_pkt_s,backlog_slope_pkt_s_ci95,completion_ratio,completion_ratio_ci95,little_relative_error,little_relative_error_ci95,jain_fairness,jain_fairness_ci95,attempts_total,attempts_total_ci95,retransmissions_completed_cohort,retransmissions_completed_cohort_ci95,mean_attempts_completed,mean_attempts_completed_ci95,collision_waste_us_total,collision_waste_us_total_ci95,collision_channel_time_us_total,collision_channel_time_us_total_ci95,collision_tx_airtime_us_total,collision_tx_airtime_us_total_ci95,collision_channel_time_us_measure,collision_channel_time_us_measure_ci95,collision_tx_airtime_us_measure,collision_tx_airtime_us_measure_ci95,stability_rate_ok,stability_rate_ok_ci95,stability_censor_ok,stability_censor_ok_ci95,stability_slope_ok,stability_slope_ok_ci95,stability_rate_relative_error,stability_rate_relative_error_ci95,stability_allowed_censored,stability_allowed_censored_ci95,stability_slope_limit_pkt_s,stability_slope_limit_pkt_s_ci95,condition_elapsed_s,timeout_exceeded
sf_cf,fixed_packet,1,1,1,198,0.9,0.9,self_stable_validated,0.015,0.95,0,0,NaN,NaN,2,1,1,1,1,35,17.3889639822523,35,17.3889639822523,0,0,0,0,289.790883397933,95.1587918893503,0,0,289.790883397933,95.1587918893503,289.790883397933,95.1587918893503,261.333333333333,4.70239679445871,692.633333333333,1232.27113053887,793,1475.12973064142,261.333333333333,4.70239679445871,692.633333333333,1232.27113053887,793,1475.12973064142,89.2246285529716,1.15612327187945,0,0,16.3995881782946,22.1515125616137,0,0,21.6666666666667,93.224142477905,0,0,162.5,0,0,0,35,17.3889639822523,35,17.3889639822523,35,17.3889639822523,35,17.3889639822523,NaN,NaN,0.0056875,0.002825706647116,0.0100038333333333,0.00287745412487162,0.00366633333333333,0.00126659013657697,0.0063375,0.00245544321638455,0.00613200613200613,0.0858053000775556,1,0,0,0,0.497297654681621,0.195814871893497,46.3333333333333,9.40479358891743,4,17.2106109189978,1.13333333333333,0.573687030633261,325,1398.36213716857,325,1398.36213716857,650,2796.72427433715,325,1398.36213716857,650,2796.72427433715,1,0,1,0,1,0,0,0,0,0,1.75,0.869448199112615,11.041055,0
sf_cb,fixed_packet,1,1,1,198,0.9,0.9,self_stable_validated,0.015,0.95,0,0,NaN,NaN,2,1,1,1,1,35,17.3889639822523,35,17.3889639822523,0,0,0,0,435.510763888889,36.8853484462038,0,0,435.510763888889,36.8853484462038,435.510763888889,36.8853484462038,429.583333333333,22.9222565055198,595.175,121.872638570154,643.5,241.354785489396,429.583333333333,22.9222565055198,595.175,121.872638570154,643.5,241.354785489396,92.2898740310078,7.67343709410558,0,0,18.2208898578811,36.0933673677009,0,0,0,0,162.5,0,162.5,0,0,0,35,17.3889639822523,35,17.3889639822523,35,17.3889639822523,35,17.3889639822523,NaN,NaN,0.0056875,0.002825706647116,0.0153121666666667,0.00900031661582997,0.00962466666666667,0.00617474070680674,0.0056875,0.002825706647116,0.0127120127120127,0.0395862293252188,1,0,0,0,0.497297654681621,0.195814871893497,42.3333333333333,16.1628112417508,0,0,1,0,0,0,0,0,0,0,0,0,0,0,1,0,1,0,1,0,0,0,0,0,1.75,0.869448199112615,10.270723,0
sb_cf,fixed_packet,1,1,1,198,0.07,0.07,self_stable_validated,0.002,0.15,0,0,NaN,NaN,2,1,1,1,1,35,17.3889639822523,35,17.3889639822523,0,0,0,0,348.256104651163,54.7715976683292,0,0,348.256104651163,54.7715976683292,348.256104651163,54.7715976683292,299,42.3215711501284,755,446.206663054067,849.5,508.514578869747,299,42.3215711501284,755,446.206663054067,849.5,508.514578869747,0,0,36.5653746770026,5.77553053866426,0,0,136.929748062016,25.6957165279635,12.2609819121447,27.6036386039101,0,0,162.5,0,0,0,35,17.3889639822523,35,17.3889639822523,35,17.3889639822523,35,17.3889639822523,NaN,NaN,0.0056875,0.002825706647116,0.0122305,0.00717755160591378,0.0122305,0.00717755160591378,0,0,0.0299699022113075,0.169393730570589,1,0,5.59768788634013e-17,2.40849070644469e-16,0.497297654681621,0.195814871893497,45,17.3889639822523,2.66666666666667,5.73687030633262,1.07545219638243,0.169868545254831,433.333333333333,932.24142477905,NaN,NaN,433.333333333333,932.24142477905,NaN,NaN,NaN,NaN,1,0,1,0,1,0,0,0,0,0,1.75,0.869448199112615,25.3590698,0
sb_cb,fixed_packet,1,1,1,198,0.85,0.85,self_stable_validated,0.002,1,0,0,NaN,NaN,2,1,1,1,1,35,17.3889639822523,35,17.3889639822523,0,0,0,0,375.10363372093,47.9165921101542,0,0,375.10363372093,47.9165921101542,375.10363372093,47.9165921101542,361,0,487,503.410369380687,646,846.726638295973,361,0,487,503.410369380687,646,846.726638295973,0,0,35.1333333333333,4.87633976038272,0,0,8.1703003875969,14.1848973524955,6.8,29.2580385622963,162.5,0,162.5,0,0,0,35,17.3889639822523,35,17.3889639822523,35,17.3889639822523,35,17.3889639822523,NaN,NaN,0.0056875,0.002825706647116,0.013079,0.00569785817309309,0.00733733333333333,0.00306330148719065,0.00574166666666667,0.00268778314615237,0.0114392910899296,0.0692916842445776,1,0,4.85142343031241e-17,2.08739902656042e-16,0.497297654681621,0.195814871893497,43.3333333333333,12.7476046574023,1,4.30265272974946,1.03333333333333,0.143421757658315,9.66666666666667,41.5923097209115,NaN,NaN,9.66666666666667,41.5923097209115,NaN,NaN,NaN,NaN,1,0,1,0,1,0,0,0,0,0,1.75,0.869448199112615,19.6932052,0
s7_clean,fixed_packet,1,1,1,198,1,1,self_stable_validated,0.001,1,1,0,NaN,NaN,2,1,1,1,1,35,17.3889639822523,35,17.3889639822523,0,0,0,0,285.337209302272,9.89065152497214,0,0,285.337209302272,9.89065152497214,285.337209302272,9.89065152497214,281.899999999907,0,281.900000000023,0,395.899999999946,290.930602351374,281.899999999907,0,281.900000000023,0,395.899999999946,290.930602351374,0,0,34,0,0,0,5.437209302272,9.89065152497218,0,0,83.4,2.49620856803274e-14,162.5,0,0,0,35,17.3889639822523,35,17.3889639822523,35,17.3889639822523,35,17.3889639822523,NaN,NaN,0.0056875,0.002825706647116,0.0099804999999981,0.00485607147310985,0.0042929999999981,0.00204204768873568,0.0056875,0.002825706647116,0.0106600106600107,0.0433796980318917,1,0,4.72817124425831e-17,2.03436789108309e-16,0.497297654681621,0.195814871893497,42.3333333333333,16.1628112417508,0,0,1,0,0,0,0,0,0,0,0,0,0,0,1,0,1,0,1,0,0,0,0,0,1.75,0.869448199112615,60.947132,0
s7_busy,fixed_packet,1,1,1,198,0.65,0.65,self_stable_validated,0.01,0.95,0,0,NaN,NaN,2,1,1,1,1,35,17.3889639822523,35,17.3889639822523,0,0,0,0,696.48779069762,51.5097649988837,0,0,696.48779069762,51.5097649988837,696.48779069762,51.5097649988837,514.399999999907,129.562726121366,1605.34999999991,591.699662965805,2129.89999999991,1096.72077646886,514.399999999907,129.562726121366,1605.34999999991,591.699662965805,2129.89999999991,1096.72077646886,0,0,57.8955426356589,1.42665446712096,9.15101744186047,1.79761542647297,324.926870154984,46.819013470325,58.6143604651163,3.49949948699672,83.4,2.49620856803274e-14,162.5,0,0,0,35,17.3889639822523,35,17.3889639822523,35,17.3889639822523,35,17.3889639822523,NaN,NaN,0.0056875,0.002825706647116,0.0244734999999981,0.0141052856944179,0.0187859999999981,0.011280013879968,0.0056875,0.002825706647116,0.00842000842000842,0.125771092461975,1,0,0,0,0.497297654681621,0.195814871893497,71.6666666666667,32.3256224835017,24.6666666666667,13.6815636966388,1.70281007751938,0.0419604255035576,56541.7000000007,3025.92214077815,26566.5000000005,1260.20306117098,56541.7000000007,3025.92214077815,22570.3999999763,1223.59916785757,48006.5999999496,2872.7864671986,1,0,1,0,1,0,0,0,0,0,1.75,0.869448199112615,348.2917634,0
unslotted,fixed_packet,1,1,1,198,0.8,0.8,self_stable_validated,0.0005,0.95,0,0,NaN,NaN,2,1,1,1,1,35,17.3889639822523,35,17.3889639822523,0,0,0,0,359.101739710394,119.166174565335,0,0,359.101739710394,119.166174565335,359.101739710394,119.166174565335,329.171766792084,4.23490061645668,706.633939560128,1578.62698128003,847.469029232297,1879.21172703421,329.171766792084,4.23490061645668,706.633939560128,1578.62698128003,847.469029232297,1879.21172703421,0,0,0,0,6.06265490302247,5.77657461776029,4.08053044185468,11.0917799866609,23.9585543655169,103.085339341642,162.5,0,162.5,0,0,0,35,17.3889639822523,35,17.3889639822523,35,17.3889639822523,35,17.3889639822523,NaN,NaN,0.0056875,0.002825706647116,0.0124376946921037,0.00471851250858294,0.00664186135877038,0.00280365759581562,0.00579583333333333,0.00256366391814239,0.00856160025024378,0.107161132659308,1,0,8.06509976848607e-17,3.47013235345783e-16,0.497297654681621,0.195814871893497,46.6666666666667,10.0395230360821,4.33333333333333,18.644828495581,1.14444444444444,0.621494283186033,53.1666666666667,228.757703465013,NaN,NaN,53.1666666666667,228.757703465013,NaN,NaN,NaN,NaN,1,0,1,0,1,0,0,0,0,0,1.75,0.869448199112615,2.9352756,0
sf_cf,fixed_packet,1,1,2,396,0.85,0.85,self_stable_validated,0.02,0.95,0,0,NaN,NaN,2,1,1,1,1,35,17.3889639822523,35,17.3889639822523,0,0,0,0,558.180943152455,41.9954522798326,0,0,558.180943152455,41.9954522798326,558.180943152455,41.9954522798326,521.166666666667,32.6815987152846,960.266666666667,149.356460167387,1112,436.013937674191,521.166666666667,32.6815987152846,960.266666666667,149.356460167387,1112,436.013937674191,169.619089147287,25.598385812507,0,0,63.561854005168,27.1911626698785,0,0,0,0,0,0,325,0,0,0,35,17.3889639822523,35,17.3889639822523,70,34.7779279645046,70,34.7779279645046,NaN,NaN,0.011375,0.005651413294232,0.0195913333333333,0.0108246888211197,0.00821633333333333,0.00521350162416635,0.011375,0.005651413294232,0.0162520162520163,0.0704246116948834,1,0,0,0,0.497297654681621,0.195814871893497,42.3333333333333,16.1628112417508,0,0,1,0,0,0,0,0,0,0,0,0,0,0,1,0,1,0,1,0,0,0,0,0,1.75,0.869448199112615,1.8496448,0
sf_cb,fixed_packet,1,1,2,396,0.9,0.9,self_stable_validated,0.02,0.95,0,0,NaN,NaN,2,1,1,1,1,35,17.3889639822523,35,17.3889639822523,0,0,0,0,595.003254198966,29.7460214019362,0,0,595.003254198966,29.7460214019362,595.003254198966,29.7460214019362,585.083333333333,4.13505099408057,742.508333333333,215.985973802999,884.166666666667,255.800856815567,585.083333333333,4.13505099408057,742.508333333333,215.985973802999,884.166666666667,255.800856815567,95.3551195090439,14.5489436275119,0,0,12.1481346899225,15.2749441147988,0,0,0,0,162.5,0,325,0,0,0,35,17.3889639822523,35,17.3889639822523,70,34.7779279645046,70,34.7779279645046,NaN,NaN,0.011375,0.005651413294232,0.0208371666666667,0.0106833030689466,0.00946216666666667,0.00507633622438102,0.011375,0.005651413294232,0.0114360114360114,0.0712471925428847,1,0,0,0,0.497297654681621,0.195814871893497,42.3333333333333,16.1628112417508,0,0,1,0,0,0,0,0,0,0,0,0,0,0,1,0,1,0,1,0,0,0,0,0,1.75,0.869448199112615,3.0562371,0
sb_cf,fixed_packet,1,1,2,396,0.03,0.03,self_stable_validated,0.001,0.05,0,0,NaN,NaN,2,1,1,1,1,35,17.3889639822523,35,17.3889639822523,0,0,0,0,635.140261627907,152.291067327832,0,0,635.140261627907,152.291067327832,635.140261627907,152.291067327832,557.5,206.829640042234,1228.15,595.001920164968,1510,884.265797144727,557.5,206.829640042234,1228.15,595.001920164968,1510,884.265797144727,0,0,34,0,0,0,276.140261627907,152.291067327832,0,0,0,0,325,0,0,0,35,17.3889639822523,35,17.3889639822523,70,34.7779279645046,70,34.7779279645046,NaN,NaN,0.011375,0.005651413294232,0.022469,0.0160073279442426,0.022469,0.0160073279442426,0,0,0.0253033847286824,0.123192621102625,1,0,3.90835524608946e-17,1.68162953684174e-16,0.497297654681621,0.195814871893497,42.3333333333333,16.1628112417508,0,0,1,0,0,0,NaN,NaN,0,0,NaN,NaN,NaN,NaN,1,0,1,0,1,0,0,0,0,0,1.75,0.869448199112615,19.6852492,0
sb_cb,fixed_packet,1,1,2,396,0.75,0.75,self_stable_validated,0.0007,1,0,0,NaN,NaN,2,1,1,1,1,35,17.3889639822523,35,17.3889639822523,0,0,0,0,547.086046511628,65.5535207405788,0,0,547.086046511628,65.5535207405788,547.086046511628,65.5535207405788,523.5,0,710.55,720.597387588936,979.5,1210.04793293489,523.5,0,710.55,720.597387588936,979.5,1210.04793293489,0,0,35.5111111111111,6.50178634717696,0,0,13.7749354005168,17.1819626589829,10.3,44.3173231164195,162.5,0,325,0,0,0,35,17.3889639822523,35,17.3889639822523,70,34.7779279645046,70,34.7779279645046,NaN,NaN,0.011375,0.005651413294232,0.0190875,0.00854165135133085,0.00760416666666667,0.00329780165726431,0.0114833333333333,0.00537556629230474,0.0175617284010435,0.112577868648322,1,0,1.85405707785273e-16,7.53156988185946e-17,0.497297654681621,0.195814871893497,43.6666666666667,11.7395768159531,1.33333333333333,5.73687030633262,1.04444444444444,0.191229010211087,14.5,62.3884645813672,NaN,NaN,14.5,62.3884645813672,NaN,NaN,NaN,NaN,1,0,1,0,1,0,0,0,0,0,1.75,0.869448199112615,20.6122436,0
s7_clean,fixed_packet,1,1,2,396,1,1,self_stable_validated,0.0007,1,1,0,NaN,NaN,2,1,1,1,1,35,17.3889639822523,35,17.3889639822523,0,0,0,0,450.89302325576,16.4017686547614,0,0,450.89302325576,16.4017686547614,450.89302325576,16.4017686547614,444.399999999907,0,444.400000000023,0,666.399999999946,502.582255035694,444.399999999907,0,444.400000000023,0,666.399999999946,502.582255035694,0,0,34,0,0,0,8.49302325576037,16.4017686547614,0,0,83.4,2.49620856803274e-14,325,0,0,0,35,17.3889639822523,35,17.3889639822523,70,34.7779279645046,70,34.7779279645046,NaN,NaN,0.011375,0.005651413294232,0.0157759999999981,0.00777578778930149,0.0044009999999981,0.00216702488573112,0.011375,0.005651413294232,0.00464400464400464,0.0398372807364888,1,0,5.96764736066518e-17,2.56767142065482e-16,0.497297654681621,0.195814871893497,42.3333333333333,16.1628112417508,0,0,1,0,0,0,0,0,0,0,0,0,0,0,1,0,1,0,1,0,0,0,0,0,1.75,0.869448199112615,73.3301754,0
s7_busy,fixed_packet,1,1,2,396,0.85,0.85,self_stable_validated,0.03,0.95,0,0,NaN,NaN,2,1,1,1,1,35,17.3889639822523,35,17.3889639822523,0,0,0,0,929.522965116224,190.231665765288,0,0,929.522965116224,190.231665765288,929.522965116224,190.231665765288,712.899999999946,145.894192429337,2349.84999999997,571.954744376977,3024.39999999991,2027.04267345313,712.899999999946,145.894192429337,2349.84999999997,571.954744376977,3024.39999999991,2027.04267345313,0,0,52.7247093023256,13.6276626864001,3.29549418604651,0.901815751691914,419.172151162736,143.745724207927,45.9306104651163,33.4278549425228,83.4,2.49620856803274e-14,325,0,0,0,35,17.3889639822523,35,17.3889639822523,70,34.7779279645046,70,34.7779279645046,NaN,NaN,0.011375,0.005651413294232,0.0328789999999981,0.0232299032698979,0.0215039999999981,0.0175884657386579,0.011375,0.005651413294232,0.0578640578640579,0.178689060402501,1,0,3.93430918842084e-17,1.69279661692373e-16,0.497297654681621,0.195814871893497,65,40.6670870091769,20,24.4659190831082,1.55072674418605,0.400813608423534,37308.8000000003,2604.81000704863,17470.7000000002,1187.10188813791,37308.8000000003,2604.81000704863,14782.8999999844,929.359942137344,31559.3999999664,1888.84950371634,1,0,1,0,1,0,0,0,0,0,1.75,0.869448199112615,214.9070443,0
unslotted,fixed_packet,1,1,2,396,0.9,0.9,self_stable_validated,0.002,1,0,0,NaN,NaN,2,1,1,1,1,35,17.3889639822523,35,17.3889639822523,0,0,0,0,640.839355175939,624.499728367566,0,0,640.839355175939,624.499728367566,640.839355175939,624.499728367566,490.703414633385,1.73209834219532,1874.65003088624,5905.97305510065,2620.47128635754,8466.91044543751,490.703414633385,1.73209834219532,1874.65003088624,5905.97305510065,2620.47128635754,8466.91044543751,0,0,0,0,7.91031198640661,14.450309676031,21.3536928323792,76.6849073362116,124.075350357154,533.853144908828,162.5,0,325,0,0,0,35,17.3889639822523,35,17.3889639822523,70,34.7779279645046,70,34.7779279645046,NaN,NaN,0.011375,0.005651413294232,0.0217185080948085,0.0151594519482291,0.0101268414281419,0.0161606673815603,0.0115916666666667,0.00512732783628478,-0.033812566347261,0.290077417246774,1,0,0,0,0.497297654681621,0.195814871893497,66.6666666666667,91.486894426753,24.3333333333333,104.69788309057,1.81111111111111,3.48992943635234,343.166666666667,1476.52699509236,NaN,NaN,343.166666666667,1476.52699509236,NaN,NaN,NaN,NaN,1,0,1,0,1,0,0,0,0,0,1.75,0.869448199112615,1.7827481,0
sf_cf,fixed_packet,1,1,3,594,0.75,0.75,self_stable_validated,0.05,0.95,0,0,NaN,NaN,2,1,1,1,1,35,17.3889639822523,35,17.3889639822523,0,0,0,0,1064.06979166667,164.492060548513,0,0,1064.06979166667,164.492060548513,1064.06979166667,164.492060548513,910.5,74.8030748031122,2351.1,1382.92528178496,3275,3888.30027297539,910.5,74.8030748031122,2351.1,1382.92528178496,3275,3888.30027297539,253.585295542636,28.815413640097,0,0,266.802325581395,163.984587668442,0,0,56.1821705426357,176.492647773968,0,0,487.5,0,0,0,35,17.3889639822523,35,17.3889639822523,105,52.1668919467569,105,52.1668919467569,NaN,NaN,0.0170625,0.008477119941348,0.037358,0.0216956220967887,0.0180205,0.00582771122883303,0.0193375,0.0160811645774386,0.0592880592880593,0.333156053764839,1,0,6.99562845064193e-17,3.00997598494675e-16,0.497297654681621,0.195814871893497,47,30.5255952572913,4.66666666666667,15.9707710228882,1.11524547803618,0.362036200561987,1137.5,3892.87543682901,1137.5,3892.87543682901,2275,7785.75087365802,1137.5,3892.87543682901,2275,7785.75087365802,1,0,1,0,1,0,0,0,0,0,1.75,0.869448199112615,1.2608894,0
sf_cb,fixed_packet,1,1,3,594,0.85,0.85,self_stable_validated,0.009,0.95,0,0,NaN,NaN,2,1,1,1,1,35,17.3889639822523,35,17.3889639822523,0,0,0,0,778.172666343669,56.0120468375293,0,0,778.172666343669,56.0120468375293,778.172666343669,56.0120468375293,754.666666666667,17.4590587430632,1030.90833333333,534.76228583735,1262.33333333333,553.391973774626,754.666666666667,17.4590587430632,1030.90833333333,534.76228583735,1262.33333333333,553.391973774626,93.0036983204134,17.3099222252983,0,0,29.7523013565891,42.8162564101337,5.41666666666667,23.3060356194763,0,0,162.5,0,487.5,0,0,0,35,17.3889639822523,35,17.3889639822523,105,52.1668919467569,105,52.1668919467569,NaN,NaN,0.0170625,0.008477119941348,0.0271746666666667,0.0124205534416264,0.0101121666666667,0.00410316263748217,0.0170625,0.008477119941348,0.0252320252320252,0.0861686307964823,1,0,1.18142946206951e-16,2.67368540916447e-16,0.497297654681621,0.195814871893497,42.3333333333333,16.1628112417508,0,0,1,0,0,0,0,0,0,0,0,0,0,0,1,0,1,0,1,0,0,0,0,0,1.75,0.869448199112615,3.0276137,0
sb_cf,fixed_packet,1,1,3,594,0.015,0.015,self_stable_validated,0.0007,0.05,0,0,NaN,NaN,2,1,1,1,1,35,17.3889639822523,35,17.3889639822523,0,0,0,0,1192.40581395349,308.788867472045,0,0,1192.40581395349,308.788867472045,1192.40581395349,308.788867472045,958.5,257.189244900147,2700.75,1327.94019342276,3589.5,1636.86957330143,958.5,257.189244900147,2700.75,1327.94019342276,3589.5,1636.86957330143,0,0,35.5111111111111,6.50178634717696,0,0,647.728036175711,265.759606069432,21.6666666666667,93.224142477905,0,0,487.5,0,0,0,35,17.3889639822523,35,17.3889639822523,105,52.1668919467569,105,52.1668919467569,NaN,NaN,0.0170625,0.008477119941348,0.0411555,0.00886510433579974,0.0411555,0.00886510433579974,0,0,-0.0129063592873311,0.334422321750139,1,0,0,0,0.497297654681621,0.195814871893497,43.6666666666667,11.7395768159531,1.33333333333333,5.73687030633262,1.04444444444444,0.191229010211087,650,2796.72427433715,NaN,NaN,650,2796.72427433715,NaN,NaN,NaN,NaN,1,0,1,0,1,0,0,0,0,0,1.75,0.869448199112615,20.0408533,0
sb_cb,fixed_packet,1,1,3,594,0.65,0.65,self_stable_validated,0.001,1,0,0,NaN,NaN,2,1,1,1,1,35,17.3889639822523,35,17.3889639822523,0,0,0,0,718.882558139535,93.850308387755,0,0,718.882558139535,93.850308387755,718.882558139535,93.850308387755,686,0,932.75,960.049077471483,1316,1588.30838896656,686,0,932.75,960.049077471483,1316,1588.30838896656,0,0,35.8888888888889,8.1272329339712,0,0,19.7270025839793,30.1071648217394,13.2666666666667,57.0818595480095,162.5,0,487.5,0,0,0,35,17.3889639822523,35,17.3889639822523,105,52.1668919467569,105,52.1668919467569,NaN,NaN,0.0170625,0.008477119941348,0.025069,0.0110145425183658,0.007844,0.00328793644335707,0.017225,0.00806334943845711,0.0226080786495824,0.154746577446585,1,0,8.89048865531179e-17,1.96633208550031e-16,0.497297654681621,0.195814871893497,44,10.8281052473581,1.66666666666667,7.17108788291577,1.05555555555556,0.239036262763859,19.3333333333333,83.1846194418229,NaN,NaN,19.3333333333333,83.1846194418229,NaN,NaN,NaN,NaN,1,0,1,0,1,0,0,0,0,0,1.75,0.869448199112615,19.1703072,0
s7_clean,fixed_packet,1,1,3,594,1,1,self_stable_validated,0.0005,1,1,0,NaN,NaN,2,1,1,1,1,35,17.3889639822523,35,17.3889639822523,0,0,0,0,617.048837209249,25.3391609000727,0,0,617.048837209249,25.3391609000727,617.048837209249,25.3391609000727,606.899999999907,0,624.899999999985,77.4477491353233,936.899999999946,726.982805848778,606.899999999907,0,624.899999999985,77.4477491353233,936.899999999946,726.982805848778,0,0,34,0,0,0,12.1488372092487,25.3391609000727,0,0,83.4,2.49620856803274e-14,487.5,0,0,0,35,17.3889639822523,35,17.3889639822523,105,52.1668919467569,105,52.1668919467569,NaN,NaN,0.0170625,0.008477119941348,0.0215894999999981,0.0106520894765718,0.0045269999999981,0.00228320776910821,0.0170625,0.008477119941348,0.0100720100720101,0.0717133501204724,1,0,1.64595184267693e-16,7.30908278246858e-17,0.497297654681621,0.195814871893497,42.3333333333333,16.1628112417508,0,0,1,0,0,0,0,0,0,0,0,0,0,0,1,0,1,0,1,0,0,0,0,0,1.75,0.869448199112615,61.210948,0
s7_busy,fixed_packet,1,1,3,594,0.9,0.9,self_stable_validated,0.03,0.95,0,0,NaN,NaN,2,1,1,1,1,35,17.3889639822523,35,17.3889639822523,0,0,0,0,1406.16526162785,262.868881121356,0,0,1406.16526162785,262.868881121356,1406.16526162785,262.868881121356,1133.39999999995,91.5009457705243,3744.74999999996,3531.35745805171,4668.89999999995,3524.88899988907,1133.39999999995,91.5009457705243,3744.74999999996,3531.35745805171,4668.89999999995,3524.88899988907,0,0,66.4262919896641,18.0977553791078,1.67267441860465,1.2331588597545,687.626508397878,201.620949550845,79.5397868217054,44.3927293711056,83.4,2.49620856803274e-14,487.5,0,0,0,35,17.3889639822523,35,17.3889639822523,105,52.1668919467569,105,52.1668919467569,NaN,NaN,0.0170625,0.008477119941348,0.0491594999999981,0.0242903355254705,0.0320969999999981,0.0165658104975265,0.0170625,0.008477119941348,0.0448600448600449,0.313906712970396,1,0,3.91187844854499e-17,1.68314544850802e-16,0.497297654681621,0.195814871893497,79.3333333333333,35.3353490797373,33.3333333333333,22.2650442113236,1.95371447028424,0.532286922914936,29904.0000000002,3703.01379897307,13848.4000000001,1614.24710353842,29904.0000000002,3703.01379897307,11765.7999999876,1190.80195494177,25400.5999999731,2925.39115210214,1,0,1,0,1,0,0,0,0,0,1.75,0.869448199112615,179.1998129,0
unslotted,fixed_packet,1,1,3,594,0.9,0.9,self_stable_validated,0.0009,1,0,0,NaN,NaN,2,1,1,1,1,35,17.3889639822523,35,17.3889639822523,0,0,0,0,750.950289564905,395.178308677944,0,0,750.950289564905,395.178308677944,750.950289564905,395.178308677944,652.949223898928,2.51659415414858,1629.8475193612,4162.40468883208,2202.72894277614,5645.84437995668,652.949223898928,2.51659415414858,1629.8475193612,4162.40468883208,2202.72894277614,5645.84437995668,0,0,0,0,5.41174708125526,7.93773244154996,17.8536366428349,54.6848075469623,77.6849058408148,334.251172176312,162.5,0,487.5,0,0,0,35,17.3889639822523,35,17.3889639822523,105,52.1668919467569,105,52.1668919467569,NaN,NaN,0.0170625,0.008477119941348,0.0258476192253453,0.0106877231379037,0.00846011922534535,0.00904081515901447,0.0173875,0.00769099175442716,0.000352351855443532,0.271318712829024,1,0,0,0,0.497297654681621,0.195814871893497,56.3333333333333,47.4160226324309,14,60.2371382164925,1.46666666666667,2.00790460721641,193.333333333333,831.846194418229,NaN,NaN,193.333333333333,831.846194418229,NaN,NaN,NaN,NaN,1,0,1,0,1,0,0,0,0,0,1.75,0.869448199112615,1.7660474,0
sf_cf,fixed_packet,1,1,4,792,0.95,0.95,self_stable_validated,0.09,0.95,0,0,NaN,NaN,2,1,1,1,1,35,17.3889639822523,35,17.3889639822523,0,0,0,0,1009.74303940568,57.6764312446364,0,0,1009.74303940568,57.6764312446364,1009.74303940568,57.6764312446364,972.666666666667,123.966519696642,1442.75,402.307137793573,1844,167.876989967904,972.666666666667,123.966519696642,1442.75,402.307137793573,1844,167.876989967904,326.718168604651,85.9015905656845,0,0,33.0248708010336,38.6738047933696,0,0,0,0,0,0,650,0,0,0,35,17.3889639822523,35,17.3889639822523,140,69.5558559290092,140,69.5558559290092,NaN,NaN,0.02275,0.011302826588464,0.035408,0.0189101349251899,0.012658,0.0076797144478164,0.02275,0.011302826588464,0.0181520181520182,0.0432128164906214,1,0,0,0,0.497297654681621,0.195814871893497,42.3333333333333,16.1628112417508,0,0,1,0,0,0,0,0,0,0,0,0,0,0,1,0,1,0,1,0,0,0,0,0,1.75,0.869448199112615,1.2939416,0
sf_cb,fixed_packet,1,1,4,792,0.85,0.85,self_stable_validated,0.015,0.95,0,0,NaN,NaN,2,1,1,1,1,35,17.3889639822523,35,17.3889639822523,0,0,0,0,946.312403100775,31.8259642151407,0,0,946.312403100775,31.8259642151407,946.312403100775,31.8259642151407,919.916666666667,13.9744246450272,1121.71666666667,12.3111101468728,1572.66666666667,788.984910792778,919.916666666667,13.9744246450272,1121.71666666667,12.3111101468728,1572.66666666667,788.984910792778,96.0689437984496,20.1771766090693,0,0,30.5212370801034,8.60615970699706,7.22222222222222,31.0747141593017,0,0,162.5,0,650,0,0,0,35,17.3889639822523,35,17.3889639822523,140,69.5558559290092,140,69.5558559290092,NaN,NaN,0.02275,0.011302826588464,0.033133,0.0167853688388297,0.010383,0.00554213169477433,0.02275,0.011302826588464,0.0260560260560261,0.126421489857929,1,0,0,0,0.497297654681621,0.195814871893497,42.3333333333333,16.1628112417508,0,0,1,0,0,0,0,0,0,0,0,0,0,0,1,0,1,0,1,0,0,0,0,0,1.75,0.869448199112615,2.863677,0
sb_cf,fixed_packet,1,1,4,792,NaN,0.03,validation_failed,0.001,0.03,0,0,NaN,NaN,2,1,0,NaN,0,NaN,NaN,NaN,NaN,NaN,NaN,NaN,NaN,NaN,NaN,NaN,NaN,NaN,NaN,NaN,NaN,NaN,NaN,NaN,NaN,NaN,NaN,NaN,NaN,NaN,NaN,NaN,NaN,NaN,NaN,NaN,NaN,NaN,NaN,NaN,NaN,NaN,NaN,NaN,NaN,NaN,NaN,NaN,NaN,NaN,NaN,NaN,NaN,NaN,NaN,NaN,NaN,NaN,NaN,NaN,NaN,NaN,NaN,NaN,NaN,NaN,NaN,NaN,NaN,NaN,NaN,NaN,NaN,NaN,NaN,NaN,NaN,NaN,NaN,NaN,NaN,NaN,NaN,NaN,NaN,NaN,NaN,NaN,NaN,NaN,NaN,NaN,NaN,NaN,NaN,NaN,NaN,NaN,NaN,NaN,NaN,NaN,NaN,20.5829757,0
sb_cb,fixed_packet,1,1,4,792,0.5,0.5,self_stable_validated,0.0009,0.95,0,0,NaN,NaN,2,1,1,1,1,35,17.3889639822523,35,17.3889639822523,0,0,0,0,876.939098837209,51.5541879360556,0,0,876.939098837209,51.5541879360556,876.939098837209,51.5541879360556,854.5,6.45397909462419,991,429.831131420772,1367.5,955.18890600438,854.5,6.45397909462419,991,429.831131420772,1367.5,955.18890600438,0,0,34,0,0,0,30.4390988372093,51.5541879360556,0,0,162.5,0,650,0,0,0,35,17.3889639822523,35,17.3889639822523,140,69.5558559290092,140,69.5558559290092,NaN,NaN,0.02275,0.011302826588464,0.0306545,0.0146109221292091,0.0079045,0.0035454918040349,0.02275,0.011302826588464,0.0246168991726383,0.153550904580864,1,0,0,0,0.497297654681621,0.195814871893497,42.3333333333333,16.1628112417508,0,0,1,0,0,0,NaN,NaN,0,0,NaN,NaN,NaN,NaN,1,0,1,0,1,0,0,0,0,0,1.75,0.869448199112615,19.9260095,0
s7_clean,fixed_packet,1,1,4,792,1,1,self_stable_validated,0.0009,1,1,0,NaN,NaN,2,1,1,1,1,35,17.3889639822523,35,17.3889639822523,0,0,0,0,784.704651162737,39.999178969113,0,0,784.704651162737,39.999178969113,784.704651162737,39.999178969113,769.399999999907,0,841.399999999985,309.790996541794,1207.39999999995,955.188906004216,769.399999999907,0,841.399999999985,309.790996541794,1207.39999999995,955.188906004216,0,0,34,0,0,0,17.3046511627371,39.999178969113,0,0,83.4,2.49620856803274e-14,650,0,0,0,35,17.3889639822523,35,17.3889639822523,140,69.5558559290092,140,69.5558559290092,NaN,NaN,0.02275,0.011302826588464,0.0274479999999981,0.0134222607473508,0.0046979999999981,0.00239187820502742,0.02275,0.011302826588464,0.0152680152680153,0.104389235805028,1,0,4.69717603537635e-17,2.02103172907258e-16,0.497297654681621,0.195814871893497,42.3333333333333,16.1628112417508,0,0,1,0,0,0,0,0,0,0,0,0,0,0,1,0,1,0,1,0,0,0,0,0,1.75,0.869448199112615,62.7882417,0
s7_busy,fixed_packet,1,1,4,792,0.85,0.85,self_stable_validated,0.05,0.95,0,0,NaN,NaN,2,1,1,1,1,35,17.3889639822523,35,17.3889639822523,0,0,0,0,1834.33008720925,1003.53038704631,0,0,1834.33008720925,1003.53038704631,1834.33008720925,1003.53038704631,1444.39999999993,968.354988945324,4356.19999999995,5025.02087435405,5647.39999999995,3969.33881337757,1444.39999999993,968.354988945324,4356.19999999995,5025.02087435405,5647.39999999995,3969.33881337757,0,0,64.499515503876,44.4000478158198,3.13299418604651,3.17410286528858,958.484060077465,847.454497792675,74.8135174418605,108.910705524687,83.4,2.49620856803274e-14,650,0,0,0,35,17.3889639822523,35,17.3889639822523,140,69.5558559290092,140,69.5558559290092,NaN,NaN,0.02275,0.011302826588464,0.0628629999999981,0.0216551427944218,0.0401129999999981,0.021717548370491,0.02275,0.011302826588464,0.0241040241040241,0.316148947330143,1,0,6.92523042428041e-17,2.97968615891741e-16,0.497297654681621,0.195814871893497,77.3333333333333,22.4031947253764,29.6666666666667,33.0804079526446,1.89704457364341,1.30588375928882,23852.0000000001,4747.01766170231,11142.8,1892.72725262271,23852.0000000001,4747.01766170231,9300.49999999036,2223.99841046243,19944.8999999793,5288.26286978787,1,0,1,0,1,0,0,0,0,0,1.75,0.869448199112615,168.472937,0
unslotted,fixed_packet,1,1,4,792,0.85,0.85,self_stable_validated,0.0009,0.95,0,0,NaN,NaN,2,1,1,1,1,35,17.3889639822523,35,17.3889639822523,0,0,0,0,834.643305903089,48.2561029137456,0,0,834.643305903089,48.2561029137456,834.643305903089,48.2561029137456,816.131413785197,2.06986630820939,912.87844010563,370.425267746302,1290.61277989123,1000.83548902377,816.131413785197,2.06986630820939,912.87844010563,370.425267746302,1290.61277989123,1000.83548902377,0,0,0,0,5.17629964407395,4.25429663515769,16.9670062590154,44.2729908046065,0,0,162.5,0,650,0,0,0,35,17.3889639822523,35,17.3889639822523,140,69.5558559290092,140,69.5558559290092,NaN,NaN,0.02275,0.0113028265884641,0.0291872639340278,0.014144220434421,0.00643726393402776,0.00311609067950017,0.02275,0.0113028265884641,0.0355394322047569,0.149448518834998,1,0,8.93014640397701e-17,1.92141290929007e-16,0.497297654681621,0.195814871893497,42.3333333333333,16.1628112417508,0,0,1,0,0,0,NaN,NaN,0,0,NaN,NaN,NaN,NaN,1,0,1,0,1,0,0,0,0,0,1.75,0.869448199112615,2.0042564,0
sf_cf,fixed_packet,1,1,5,990,NaN,0.95,validation_failed,0.07,0.95,0,0,NaN,NaN,2,1,0,NaN,0,NaN,NaN,NaN,NaN,NaN,NaN,NaN,NaN,NaN,NaN,NaN,NaN,NaN,NaN,NaN,NaN,NaN,NaN,NaN,NaN,NaN,NaN,NaN,NaN,NaN,NaN,NaN,NaN,NaN,NaN,NaN,NaN,NaN,NaN,NaN,NaN,NaN,NaN,NaN,NaN,NaN,NaN,NaN,NaN,NaN,NaN,NaN,NaN,NaN,NaN,NaN,NaN,NaN,NaN,NaN,NaN,NaN,NaN,NaN,NaN,NaN,NaN,NaN,NaN,NaN,NaN,NaN,NaN,NaN,NaN,NaN,NaN,NaN,NaN,NaN,NaN,NaN,NaN,NaN,NaN,NaN,NaN,NaN,NaN,NaN,NaN,NaN,NaN,NaN,NaN,NaN,NaN,NaN,NaN,NaN,NaN,NaN,NaN,1.2917552,0
sf_cb,fixed_packet,1,1,5,990,0.85,0.85,self_stable_validated,0.01,0.95,0,0,NaN,NaN,2,1,1,1,1,35,17.3889639822523,35,17.3889639822523,0,0,0,0,1109.7912871447,31.2806436882285,0,0,1109.7912871447,31.2806436882285,1109.7912871447,31.2806436882285,1077.16666666667,23.6835966290542,1355.63333333333,232.961970167149,1706,914.456272056938,1077.16666666667,23.6835966290542,1355.63333333333,232.961970167149,1706,914.456272056938,111.660230943152,48.4629085747476,0,0,23.1310562015504,17.6879678421702,0,0,0,0,162.5,0,812.5,0,0,0,35,17.3889639822523,35,17.3889639822523,175,86.9448199112615,175,86.9448199112615,NaN,NaN,0.0284375,0.01412853323558,0.0388205,0.0189108375409446,0.010383,0.00484346195630998,0.0284375,0.01412853323558,0.0232960232960233,0.148716338565602,1,0,0,0,0.497297654681621,0.195814871893497,42.3333333333333,16.1628112417508,0,0,1,0,0,0,0,0,0,0,0,0,0,0,1,0,1,0,1,0,0,0,0,0,1.75,0.869448199112615,2.7922059,0
sb_cf,fixed_packet,1,1,5,990,0.01,0.01,self_stable_validated,0.0009,0.015,0,0,NaN,NaN,2,1,1,1,1,35,17.3889639822523,35,17.3889639822523,0,0,0,0,2138.00595930233,1209.79694784771,0,0,2138.00595930233,1209.79694784771,2138.00595930233,1209.79694784771,1612,762.635334774198,5201.05,7374.05173520375,6611.5,8815.14319443884,1612,762.635334774198,5201.05,7374.05173520375,6611.5,8815.14319443884,0,0,40.4222222222222,27.6325919755021,0,0,1131.61151485788,590.37382510633,153.472222222222,660.33767588516,0,0,812.5,0,0,0,35,17.3889639822523,35,17.3889639822523,175,86.9448199112615,175,86.9448199112615,NaN,NaN,0.0284375,0.01412853323558,0.0729545,0.0197198949171322,0.0729545,0.0197198949171322,0,0,-0.0358759599480512,0.46739744227066,1,0,1.20053425866006e-16,2.5887940955324e-16,0.497297654681621,0.195814871893497,48,13.8310934238456,5.66666666666667,24.3816988019136,1.18888888888889,0.81272329339712,4604.16666666667,19810.1302765548,NaN,NaN,4604.16666666667,19810.1302765548,NaN,NaN,NaN,NaN,1,0,1,0,1,0,0,0,0,0,1.75,0.869448199112615,19.4619378,0
sb_cb,fixed_packet,1,1,5,990,0.95,0.95,self_stable_validated,0.001,1,0,0,NaN,NaN,2,1,1,1,1,35,17.3889639822523,35,17.3889639822523,0,0,0,0,1038.80813953488,64.8204635638864,0,0,1038.80813953488,64.8204635638864,1038.80813953488,64.8204635638864,1011,0,1167.75,650.267460061923,1680,1006.15857444196,1011,0,1167.75,650.267460061923,1680,1006.15857444196,0,0,34,0,0,0,29.8081395348837,64.8204635638864,0,0,162.5,0,812.5,0,0,0,35,17.3889639822523,35,17.3889639822523,175,86.9448199112615,175,86.9448199112615,NaN,NaN,0.0284375,0.01412853323558,0.036309,0.017244598971629,0.0078715,0.00352268530355227,0.0284375,0.01412853323558,0.0328410431777484,0.191103013543012,1,0,0,0,0.497297654681621,0.195814871893497,42.3333333333333,16.1628112417508,0,0,1,0,0,0,NaN,NaN,0,0,NaN,NaN,NaN,NaN,1,0,1,0,1,0,0,0,0,0,1.75,0.869448199112615,20.6860156,0
s7_clean,fixed_packet,1,1,5,990,1,1,self_stable_validated,0.0005,1,1,0,NaN,NaN,2,1,1,1,1,35,17.3889639822523,35,17.3889639822523,0,0,0,0,955.172965116225,56.445344689543,0,0,955.172965116225,56.445344689543,955.172965116225,56.445344689543,931.899999999907,0,1057.89999999998,542.134243948265,1519.89999999991,1006.15857444196,931.899999999907,0,1057.89999999998,542.134243948265,1519.89999999991,1006.15857444196,0,0,34,0,0,0,25.2729651162255,56.4453446895429,0,0,83.4,2.49620856803274e-14,812.5,0,0,0,35,17.3889639822523,35,17.3889639822523,175,86.9448199112615,175,86.9448199112615,NaN,NaN,0.0284375,0.01412853323558,0.0333934999999981,0.0160074899316192,0.0049559999999981,0.00241922319255127,0.0284375,0.01412853323558,0.00247600247600248,0.1066735237971,1,0,3.9328107097801e-17,1.69215187360232e-16,0.497297654681621,0.195814871893497,42.3333333333333,16.1628112417508,0,0,1,0,0,0,0,0,0,0,0,0,0,0,1,0,1,0,1,0,0,0,0,0,1.75,0.869448199112615,63.5819782,0
s7_busy,fixed_packet,1,1,5,990,0.6,0.6,self_stable_validated,0.07,0.95,0,0,NaN,NaN,2,1,1,1,1,35,17.3889639822523,35,17.3889639822523,0,0,0,0,2391.77863372088,351.593214460152,0,0,2391.77863372088,351.593214460152,2391.77863372088,351.593214460152,1926.39999999995,695.504216654723,5325.84999999995,2488.81476263136,6976.89999999991,1136.12032136362,1926.39999999995,695.504216654723,5325.84999999995,2488.81476263136,6976.89999999991,1136.12032136362,0,0,61.6217054263566,16.9893057415127,11.3494186046512,5.75908115922675,1355.15309108522,293.001893832268,67.7544186046512,41.6737676130047,83.4,2.49620856803274e-14,812.5,0,0,0,35,17.3889639822523,35,17.3889639822523,175,86.9448199112615,175,86.9448199112615,NaN,NaN,0.0284375,0.01412853323558,0.0838174999999981,0.0444976871105424,0.0553799999999981,0.0309795790018557,0.0284375,0.01412853323558,0.0825680825680826,0.323910642668387,1,0,6.85658065316614e-17,2.95014854640926e-16,0.497297654681621,0.195814871893497,74,35.8267435801184,28.6666666666667,23.4791536319062,1.81240310077519,0.499685462985668,20158.5,2236.4910349096,9407.29999999999,777.275376737282,20158.5,2236.4910349096,7849.79999999172,331.632384516934,16838.7999999822,966.487002839774,1,0,1,0,1,0,0,0,0,0,1.75,0.869448199112615,169.2108814,0
unslotted,fixed_packet,1,1,5,990,0.8,0.8,self_stable_validated,0.0005,0.95,0,0,NaN,NaN,2,1,1,1,1,35,17.3889639822523,35,17.3889639822523,0,0,0,0,1107.64885347462,496.158201620601,0,0,1107.64885347462,496.158201620601,1107.64885347462,496.158201620601,980.118634157766,4.74891787398397,2513.49238652057,6544.56265806707,3136.28512846562,7230.4881245548,980.118634157766,4.74891787398397,2513.49238652057,6544.56265806707,3136.28512846562,7230.4881245548,0,0,0,0,8.06172811891647,11.2865040856595,45.4785982815507,145.144987324721,79.1085270741502,340.376519962051,162.5,0,812.5,0,0,0,35,17.3889639822523,35,17.3889639822523,175,86.9448199112615,175,86.9448199112615,NaN,NaN,0.0284375,0.01412853323558,0.0382164716862871,0.0147875567719415,0.00950813835295373,0.012123073052326,0.0287083333333333,0.0134389157307619,-0.00274459930058202,0.318800421736807,1,0,0,0,0.497297654681621,0.195814871893497,57,50.2385761135258,14.6666666666667,63.1055733696588,1.48888888888889,2.10351911232196,207.833333333333,894.234658999596,NaN,NaN,207.833333333333,894.234658999596,NaN,NaN,NaN,NaN,1,0,1,0,1,0,0,0,0,0,1.75,0.869448199112615,1.7890215,0
sf_cf,fixed_packet,1,1,6,1188,0.9,0.9,self_stable_validated,0.07,0.95,0,0,NaN,NaN,2,1,1,1,1,35,17.3889639822523,35,17.3889639822523,0,0,0,0,1768.76395348837,417.683043667079,0,0,1768.76395348837,417.683043667079,1768.76395348837,417.683043667079,1526,61.9417633853125,3539.5,3882.86618211409,6595,9632.80925821373,1526,61.9417633853125,3539.5,3882.86618211409,6595,9632.80925821373,481.455329457364,156.856984436364,0,0,111.262112403101,250.814104269433,0,0,201.046511627907,507.104270640274,0,0,975,0,0,0,35,17.3889639822523,35,17.3889639822523,210,104.333783893514,210,104.333783893514,NaN,NaN,0.034125,0.016954239882696,0.062383,0.0425219858504593,0.020458,0.0044898196697269,0.041925,0.0380652564683334,0.141508141508142,0.693867003187946,1,0,4.56963141029663e-17,1.96615370614617e-16,0.497297654681621,0.195814871893497,50.3333333333333,35.8554394145788,8,22.7674982015806,1.2062015503876,0.520106944246435,3900,11099.1553732705,3900,11099.1553732705,7800,22198.310746541,3900,11099.1553732705,7800,22198.310746541,1,0,1,0,1,0,0,0,0,0,1.75,0.869448199112615,0.9539449,0
sf_cb,fixed_packet,1,1,6,1188,0.95,0.95,self_stable_validated,0.02,0.95,0,0,NaN,NaN,2,1,1,1,1,35,17.3889639822523,35,17.3889639822523,0,0,0,0,1269.88475452196,47.2235057884558,0,0,1269.88475452196,47.2235057884558,1269.88475452196,47.2235057884558,1236.41666666667,6.03181852825785,1548.76666666667,482.806596815718,2010.66666666667,1001.93109554895,1236.41666666667,6.03181852825785,1548.76666666667,482.806596815718,2010.66666666667,1001.93109554895,121.834851421189,71.5681077481118,0,0,10.5499031007752,25.2863137028451,0,0,0,0,162.5,0,975,0,0,0,35,17.3889639822523,35,17.3889639822523,210,104.333783893514,210,104.333783893514,NaN,NaN,0.034125,0.016954239882696,0.0443996666666667,0.0212318047073166,0.0102746666666667,0.00441449764559491,0.034125,0.016954239882696,0.0246160246160246,0.168360785238017,1,0,1.00162593297715e-16,2.22487136385118e-16,0.497297654681621,0.195814871893497,42.3333333333333,16.1628112417508,0,0,1,0,0,0,0,0,0,0,0,0,0,0,1,0,1,0,1,0,0,0,0,0,1.75,0.869448199112615,2.8337572,0
sb_cf,fixed_packet,1,1,6,1188,NaN,0.02,validation_failed,0.002,0.02,0,0,NaN,NaN,2,1,0,NaN,0,NaN,NaN,NaN,NaN,NaN,NaN,NaN,NaN,NaN,NaN,NaN,NaN,NaN,NaN,NaN,NaN,NaN,NaN,NaN,NaN,NaN,NaN,NaN,NaN,NaN,NaN,NaN,NaN,NaN,NaN,NaN,NaN,NaN,NaN,NaN,NaN,NaN,NaN,NaN,NaN,NaN,NaN,NaN,NaN,NaN,NaN,NaN,NaN,NaN,NaN,NaN,NaN,NaN,NaN,NaN,NaN,NaN,NaN,NaN,NaN,NaN,NaN,NaN,NaN,NaN,NaN,NaN,NaN,NaN,NaN,NaN,NaN,NaN,NaN,NaN,NaN,NaN,NaN,NaN,NaN,NaN,NaN,NaN,NaN,NaN,NaN,NaN,NaN,NaN,NaN,NaN,NaN,NaN,NaN,NaN,NaN,NaN,NaN,21.0520141,0
sb_cb,fixed_packet,1,1,6,1188,0.8,0.8,self_stable_validated,0.001,0.95,0,0,NaN,NaN,2,1,1,1,1,35,17.3889639822523,35,17.3889639822523,0,0,0,0,1238.94505813953,201.152866169982,0,0,1238.94505813953,201.152866169982,1238.94505813953,201.152866169982,1173.5,0,1576.25,1669.97840854306,2400.5,2449.14688443516,1173.5,0,1576.25,1669.97840854306,2400.5,2449.14688443516,0,0,37.0222222222222,13.0035726943539,0,0,41.656169250646,90.8432189168221,22.7666666666667,97.9570604806294,162.5,0,975,0,0,0,35,17.3889639822523,35,17.3889639822523,210,104.333783893514,210,104.333783893514,NaN,NaN,0.034125,0.016954239882696,0.0431515,0.0181792773453497,0.0087015,0.00416770517980962,0.03445,0.0161266988769142,0.0294742793683377,0.264827859731552,1,0,0,0,0.497297654681621,0.195814871893497,45,8.9566858950296,2.66666666666667,11.4737406126652,1.08888888888889,0.382458020422174,33.8333333333333,145.57308402319,NaN,NaN,33.8333333333333,145.57308402319,NaN,NaN,NaN,NaN,1,0,1,0,1,0,0,0,0,0,1.75,0.869448199112615,20.9783925,0
s7_clean,fixed_packet,1,1,6,1188,1,1,self_stable_validated,0.0009,1,1,0,NaN,NaN,2,1,1,1,1,35,17.3889639822523,35,17.3889639822523,0,0,0,0,1127.11627906971,77.0192486044859,0,0,1127.11627906971,77.0192486044859,1127.11627906971,77.0192486044859,1094.39999999991,0,1274.39999999998,774.477491354736,1844.39999999991,1006.15857444196,1094.39999999991,0,1274.39999999998,774.477491354736,1844.39999999991,1006.15857444196,0,0,34,0,0,0,34.7162790697137,77.0192486044858,0,0,83.4,2.49620856803274e-14,975,0,0,0,35,17.3889639822523,35,17.3889639822523,210,104.333783893514,210,104.333783893514,NaN,NaN,0.034125,0.016954239882696,0.0393839999999981,0.0184949570779947,0.0052589999999981,0.00253307467653782,0.034125,0.016954239882696,0.016972016972017,0.157005206639499,1,0,4.8209662811416e-17,2.0742943729584e-16,0.497297654681621,0.195814871893497,42.3333333333333,16.1628112417508,0,0,1,0,0,0,0,0,0,0,0,0,0,0,1,0,1,0,1,0,0,0,0,0,1.75,0.869448199112615,64.9264498,0
s7_busy,fixed_packet,1,1,6,1188,0.8,0.8,self_stable_validated,0.07,0.95,0,0,NaN,NaN,2,1,1,1,1,35,17.3889639822523,35,17.3889639822523,0,0,0,0,2429.80479651157,508.209682096609,0,0,2429.80479651157,508.209682096609,2429.80479651157,508.209682096609,2066.39999999997,229.366099701419,4504.50000000002,2458.50049138777,7049.39999999995,3405.37771541057,2066.39999999997,229.366099701419,4504.50000000002,2458.50049138777,7049.39999999995,3405.37771541057,0,0,57.884011627907,7.13700736425225,3.99316860465116,2.25979846220409,1250.94154069762,489.76973091894,58.5860755813954,17.5066592405481,83.4,2.49620856803274e-14,975,0,0,0,35,17.3889639822523,35,17.3889639822523,210,104.333783893514,210,104.333783893514,NaN,NaN,0.034125,0.016954239882696,0.085052999999998,0.0461466049824803,0.0509279999999981,0.0307955204763474,0.034125,0.016954239882696,-0.0781680781680782,0.176460788430189,1,0,5.89914083587944e-17,2.53819544206732e-16,0.497297654681621,0.195814871893497,72.6666666666667,12.5032189587515,24.3333333333333,8.72400493513513,1.70247093023256,0.209911981301537,17915.7,1279.25875893337,8312.59999999996,365.297750700266,17915.7,1279.25875893337,6933.09999999258,327.1807412377,14951.999999984,977.050016039665,1,0,1,0,1,0,0,0,0,0,1.75,0.869448199112615,162.2017558,0
unslotted,fixed_packet,1,1,6,1188,0.8,0.8,self_stable_validated,0.001,1,0,0,NaN,NaN,2,1,1,1,1,35,17.3889639822523,35,17.3889639822523,0,0,0,0,1204.47226833911,194.302628747929,0,0,1204.47226833911,194.302628747929,1204.47226833911,194.302628747929,1142.5183267916,4.97850518272952,1540.73714014177,1608.52292631535,2321.009042724,2390.08608647928,1142.5183267916,4.97850518272952,1540.73714014177,1608.52292631535,2321.009042724,2390.08608647928,0,0,0,0,6.24387622096355,5.66213945775853,35.6049064041182,83.7445027716686,25.1234857140316,108.0976343883,162.5,0,975,0,0,0,35,17.3889639822523,35,17.3889639822523,210,104.333783893514,210,104.333783893514,NaN,NaN,0.034125,0.0169542398826961,0.041946300781413,0.0175498718733544,0.00749630078141294,0.00377334903466051,0.03445,0.0161266988769143,0.0280257638483158,0.248269664982676,1,0,5.955130510371e-17,2.56228585464621e-16,0.497297654681621,0.195814871893497,45.3333333333333,8.72400493513513,3,12.9079581892484,1.1,0.430265272974946,38.6666666666667,166.369238883646,NaN,NaN,38.6666666666667,166.369238883646,NaN,NaN,NaN,NaN,1,0,1,0,1,0,0,0,0,0,1.75,0.869448199112615,1.805819,0
sf_cf,fixed_packet,5,5,1,198,NaN,0.8,validation_failed,0.005,0.8,0,0,NaN,NaN,2,1,0,NaN,0,NaN,NaN,NaN,NaN,NaN,NaN,NaN,NaN,NaN,NaN,NaN,NaN,NaN,NaN,NaN,NaN,NaN,NaN,NaN,NaN,NaN,NaN,NaN,NaN,NaN,NaN,NaN,NaN,NaN,NaN,NaN,NaN,NaN,NaN,NaN,NaN,NaN,NaN,NaN,NaN,NaN,NaN,NaN,NaN,NaN,NaN,NaN,NaN,NaN,NaN,NaN,NaN,NaN,NaN,NaN,NaN,NaN,NaN,NaN,NaN,NaN,NaN,NaN,NaN,NaN,NaN,NaN,NaN,NaN,NaN,NaN,NaN,NaN,NaN,NaN,NaN,NaN,NaN,NaN,NaN,NaN,NaN,NaN,NaN,NaN,NaN,NaN,NaN,NaN,NaN,NaN,NaN,NaN,NaN,NaN,NaN,NaN,NaN,4.9570935,0
sf_cb,fixed_packet,5,5,1,198,0.75,0.75,self_stable_validated,0.007,0.8,0,0,NaN,NaN,2,1,1,1,1,192,39.978412978425,192,39.978412978425,0,0,0,0,490.240850479349,66.5662170910311,2.02772457213798,4.71040080341519,488.213125907211,70.7930790003266,490.240850479349,66.5662170910311,439,23.2701525564402,795.033333333333,192.622268455242,1575.515,2722.15802542785,439,23.2701525564402,795.033333333333,192.622268455242,1575.515,2722.15802542785,84.7643720193342,5.87483143329982,0,0,57.9624705815964,12.0653378357012,4.28858262451756,7.61546132286189,16.1977006817625,47.6917763789847,162.5,0,162.5,0,0,0,192,39.978412978425,191.666666666667,40.9945448389503,192,39.978412978425,191.666666666667,40.9945448389503,NaN,NaN,0.0311791666666667,0.00655951230999792,0.0940046666666667,0.018769810947863,0.0628255,0.014209846824872,0.0311791666666667,0.00655951230999792,-0.0202800202800203,0.310577824652194,1,0,0.00024411726221516,0.00105035180464872,0.825433585583104,0.138474473130842,247.666666666667,49.3295794367579,18.6666666666667,54.7262547865552,1.09967815804162,0.293487854639906,1245.83333333333,3287.7209121664,1245.83333333333,3287.7209121664,3033.33333333333,8893.01640281522,1245.83333333333,3287.7209121664,3033.33333333333,8893.01640281522,1,0,1,0,1,0,0.00186219739292365,0.00801238869599527,1.33333333333333,1.43421757658315,9.6,1.99892064892125,4.5764472,0
sb_cf,fixed_packet,5,5,1,198,0.03,0.03,self_stable_validated,0.0005,0.03,0,0,NaN,NaN,2,1,1,1,0.666666666666667,192,39.978412978425,162.333333333333,143.658208647055,29.6666666666667,127.645364315901,29.6666666666667,127.645364315901,NaN,NaN,NaN,NaN,NaN,NaN,673.033097708357,255.703897466281,NaN,NaN,NaN,NaN,NaN,NaN,449,95.0730488381676,1723.55,1282.13602527489,5406.74,7655.03568115485,NaN,NaN,NaN,NaN,NaN,NaN,NaN,NaN,NaN,NaN,NaN,NaN,NaN,NaN,NaN,NaN,192,39.978412978425,162,143.306974320474,192,39.978412978425,162,143.306974320474,NaN,NaN,0.026325,0.023287383327077,8.527386,36.1675539933774,8.527386,36.1675539933774,0,0,54.0575561120184,232.822421427793,0.841354723707665,0.682595531101073,NaN,NaN,0.799003340529107,0.227294832517207,23493,99868.8794616374,48,46.006874254099,1.33225021852316,0.427919723336369,3784733.33333333,16248387.7009086,NaN,NaN,3784733.33333333,16248387.7009086,NaN,NaN,NaN,NaN,0.666666666666667,1.43421757658315,0.666666666666667,1.43421757658315,0.666666666666667,1.43421757658315,0.160507473685259,0.678624812937488,1.33333333333333,1.43421757658315,9.6,1.99892064892125,367.4894281,0
sb_cb,fixed_packet,5,5,1,198,0.8,0.8,self_stable_validated,0.0003,0.95,0,0,NaN,NaN,2,1,1,1,1,192,39.978412978425,192,39.978412978425,0,0,0,0,425.30795822646,202.479307858724,6.40802684371531,17.1964409163642,418.899931382744,185.297050509857,425.30795822646,202.479307858724,361,0,503.35,256.383862596693,2734.84,8257.04510420038,361,0,503.35,256.383862596693,2734.84,8257.04510420038,0,0,41.0938853821535,27.3928642914118,0,0,21.220527394977,38.2977307264587,31.5855186056139,119.772904529771,162.5,0,162.5,0,0,0,192,39.978412978425,191.666666666667,40.9945448389503,192,39.978412978425,191.666666666667,40.9945448389503,NaN,NaN,0.0311916666666667,0.00652162541952047,0.0813516666666667,0.0357666242918795,0.049835,0.0353324546570111,0.0315166666666667,0.00597391327181792,-0.0232464175386998,0.291766895423005,1,0,0.000121081793172911,0.000520972907918385,0.825433585583104,0.138474473130842,277.333333333333,184.635669588329,39,150.674778542691,1.2086436877104,0.805672479159172,667,2682.94578185547,NaN,NaN,667,2682.94578185547,NaN,NaN,NaN,NaN,1,0,1,0,1,0,0.00186219739292365,0.00801238869599527,1.33333333333333,1.43421757658315,9.6,1.99892064892125,75.4911264,0
s7_clean,fixed_packet,5,5,1,198,0.8,0.8,self_stable_validated,0.0003,0.95,0,0,NaN,NaN,2,1,1,1,1,192,39.978412978425,192,39.978412978425,0,0,0,0,291.784950343718,7.5858874223316,1.06374212999847,2.3399713779925,290.721208213719,9.7215500770999,291.784950343718,7.5858874223316,281.899999999946,1.66964910699658e-10,312.349999999946,35.9863595951874,554.179999999945,196.094444906381,281.899999999946,1.66964910699658e-10,312.349999999946,35.9863595951874,554.179999999945,196.094444906381,0.0420838875593904,0.0913945648712168,34.3636363636364,1.56460099263617,2.17691956416899,0.797496338905151,7.34658978872869,4.36001399223505,0.891978609625669,3.83787419958401,83.4,3.53017201142383e-14,162.5,0,0,0,192,39.978412978425,192,39.978412978425,192,39.978412978425,192,39.978412978425,NaN,NaN,0.0312,0.00649649210899407,0.0560057999999892,0.0109148504829326,0.0248057999999892,0.00451916175957773,0.0312,0.00649649210899407,-0.0142400142400142,0.150646297359679,1,0,0,0,0.824403073879348,0.140168567362443,231,16.289580330703,2,8.60530545949892,1.01069518716578,0.0460176762540048,53.4,229.761655768621,26.7,114.880827884311,53.4,229.761655768621,26.7000000000116,114.880827884361,53.4000000000233,229.761655768721,1,0,1,0,1,0,0,0,1.33333333333333,1.43421757658315,9.6,1.99892064892125,96.7669424,0
s7_busy,fixed_packet,5,5,1,198,0.8,0.8,self_stable_validated,0.003,0.95,0,0,NaN,NaN,2,1,1,1,1,192,39.978412978425,192,39.978412978425,0,0,0,0,772.329854765618,127.079461170203,2.89851998222625,2.7563787545982,769.431334783392,127.150402779961,772.329854765618,127.079461170203,551.899999999907,97.4529472262225,1871.29999999991,334.104239836798,3424.00999999992,793.755816347002,551.899999999907,97.4529472262225,1871.29999999991,334.104239836798,3424.00999999992,793.755816347002,0.0529573278445539,0.0455012567230413,66.4730545680266,15.105739090758,4.42772511747208,0.601525768034216,372.92310509436,77.6038645612902,79.6544926756889,37.0534894167417,83.4,3.53017201142383e-14,162.5,0,0,0,192,39.978412978425,191.666666666667,40.9945448389503,192,39.978412978425,191.666666666667,40.9945448389503,NaN,NaN,0.0311730333333334,0.00657818315758664,0.148162833333323,0.0347309585470273,0.116989799999989,0.0301311407043904,0.0311730333333334,0.00657818315758664,-0.123760123760124,0.582859513140949,1,0,0.000204222998387145,0.000878700641488069,0.825433585583104,0.138474473130842,438.333333333333,86.9566483338605,182.666666666667,77.5406519611017,1.95508984023608,0.444286443845824,63706.2000000009,3791.64748199148,29645.9000000005,1080.39567205963,63706.2000000009,3791.64748199148,25240.3999999738,1255.53994412123,54183.1999999437,3773.23237807692,1,0,1,0,1,0,0.00186219739292365,0.00801238869599527,1.33333333333333,1.43421757658315,9.6,1.99892064892125,366.8463406,0
unslotted,fixed_packet,5,5,1,198,0.9,0.9,self_stable_validated,0.0003,0.95,0,0,NaN,NaN,2,1,1,1,1,192,39.978412978425,192,39.978412978425,0,0,0,0,384.558532621633,187.996581197575,10.7495591800999,37.3530132772661,373.808973441533,150.646793542944,384.558532621633,187.996581197575,328.352493460387,1.10644917126897,399.570207677445,110.333176164582,2660.65286682184,8745.89600987979,328.352493460387,1.10644917126897,399.570207677445,110.333176164582,2660.65286682184,8745.89600987979,0,0,0,0,5.09249284718618,3.65273239351022,11.4584315269247,24.5872836589331,32.2580490674226,122.605826027066,162.5,0,162.5,0,0,0,192,39.978412978425,192,39.978412978425,192,39.978412978425,192,39.978412978425,NaN,NaN,0.0312,0.00649649210899407,0.073595183757381,0.0337686363984341,0.0423410170907143,0.0339311968799885,0.0312541666666667,0.00633564194034798,-0.0117680570868205,0.197524527017428,1,0,6.50213202402015e-17,2.79764161023417e-16,0.824403073879348,0.140168567362443,277.666666666667,180.118542795264,43.6666666666667,164.222609670732,1.23273853980394,0.879834088204275,691.166666666667,2662.1515159232,NaN,NaN,691.166666666667,2662.1515159232,NaN,NaN,NaN,NaN,1,0,1,0,1,0,0,0,1.33333333333333,1.43421757658315,9.6,1.99892064892125,12.2831291,0
sf_cf,fixed_packet,5,5,2,396,0.6,0.6,self_stable_validated,0.015,0.65,0,0,NaN,NaN,2,1,1,1,1,192,39.978412978425,192,39.978412978425,0,0,0,0,800.144440745657,78.6779326766471,3.55440006373296,2.40193063376689,796.590040681924,76.5261622337835,800.144440745657,78.6779326766471,618.666666666667,29.0052554428476,1819.71666666667,660.916688451782,3257.92,1198.85927568419,618.666666666667,29.0052554428476,1819.71666666667,660.916688451782,3257.92,1198.85927568419,163.344331868519,9.93827273659251,0,0,248.466732723223,42.1753359801114,0,0,59.7789760901821,40.0069901675372,0,0,325,0,0,0,192,39.978412978425,191.666666666667,40.9945448389503,384,79.9568259568501,383.333333333333,81.9890896779006,NaN,NaN,0.0622916666666667,0.0133232270726588,0.153371333333333,0.0326186248171648,0.0795963333333333,0.0149179709473234,0.073775,0.0177064528413294,-0.0308400308400309,0.454566196259552,1,0,0.00123682500275474,0.00532162847432505,0.825433585583104,0.138474473130842,265.666666666667,36.3680928375159,35.3333333333333,24.5079206918534,1.18393531104671,0.12309843128473,5741.66666666667,4661.20712389525,5741.66666666667,4661.20712389525,11916.6666666667,8893.01640281523,5525,4272.06689502348,11483.3333333333,7965.07422485235,1,0,1,0,1,0,0.00186219739292365,0.00801238869599527,1.33333333333333,1.43421757658315,9.6,1.99892064892125,3.1747482,0
sf_cb,fixed_packet,5,5,2,396,NaN,0.8,validation_failed,0.005,0.8,0,0,NaN,NaN,2,1,0,NaN,0,NaN,NaN,NaN,NaN,NaN,NaN,NaN,NaN,NaN,NaN,NaN,NaN,NaN,NaN,NaN,NaN,NaN,NaN,NaN,NaN,NaN,NaN,NaN,NaN,NaN,NaN,NaN,NaN,NaN,NaN,NaN,NaN,NaN,NaN,NaN,NaN,NaN,NaN,NaN,NaN,NaN,NaN,NaN,NaN,NaN,NaN,NaN,NaN,NaN,NaN,NaN,NaN,NaN,NaN,NaN,NaN,NaN,NaN,NaN,NaN,NaN,NaN,NaN,NaN,NaN,NaN,NaN,NaN,NaN,NaN,NaN,NaN,NaN,NaN,NaN,NaN,NaN,NaN,NaN,NaN,NaN,NaN,NaN,NaN,NaN,NaN,NaN,NaN,NaN,NaN,NaN,NaN,NaN,NaN,NaN,NaN,NaN,NaN,4.7187571,0
sb_cf,fixed_packet,5,5,2,396,0.009,0.009,self_stable_validated,0.0003,0.01,0,0,NaN,NaN,2,1,1,1,1,192,39.978412978425,192,39.978412978425,0,0,0,0,1835.77993009291,389.185535786474,36.5045113830194,47.7507750066537,1799.27541870989,352.487040807688,1835.77993009291,389.185535786474,1277.5,365.035140563417,5279.8,1698.09463958874,9057.91000000001,3514.95263714449,1277.5,365.035140563417,5279.8,1698.09463958874,9057.91000000001,3514.95263714449,0,0,44.8802228187703,4.97497927639127,0,0,1325.39306600582,317.988974331506,104.002129885304,47.5549489655049,0,0,325,0,0,0,192,39.978412978425,191.333333333333,36.1980150877958,384,79.9568259568501,382.666666666667,72.3960301755917,NaN,NaN,0.0622346666666667,0.0123403901643103,0.354467333333333,0.0842085982852588,0.354467333333333,0.0842085982852588,0,0,-0.420832420832421,1.70344484984421,1,0,0.0109804478486361,0.0344537107641479,0.825477335502617,0.128745113293875,317,49.8687165354081,61,21.6562104947161,1.32000655349324,0.146322919893861,28600,21858.0299254581,NaN,NaN,28600,21858.0299254581,NaN,NaN,NaN,NaN,1,0,1,0,1,0,0.0104640603490423,0.00210811548806495,1.33333333333333,1.43421757658315,9.6,1.99892064892125,117.3842292,0
sb_cb,fixed_packet,5,5,2,396,0.8,0.8,self_stable_validated,0.0003,0.95,0,0,NaN,NaN,2,1,1,1,1,192,39.978412978425,192,39.978412978425,0,0,0,0,594.588890833124,143.223005671814,3.51813003515271,4.78351988634591,591.070760797971,147.371118662873,594.588890833124,143.223005671814,523.5,0,874.5,332.89208750446,2193.54,4215.38024382872,523.5,0,874.5,332.89208750446,2193.54,4215.38024382872,0,0,39.0721291123526,14.9936043349784,0,0,41.8882351281464,72.4365408761726,22.6103965574718,62.4308001554633,162.5,0,325,0,0,0,192,39.978412978425,191.666666666667,40.9945448389503,384,79.9568259568501,383.333333333333,81.9890896779006,NaN,NaN,0.0623435,0.0131641930290784,0.1138865,0.0284862436843398,0.0511096666666667,0.0246973048239181,0.0627768333333333,0.0130524914379005,-0.0458756829916114,0.307081101459148,1,0,0.000558123913387112,0.00240141337947301,0.825433585583104,0.138474473130842,259.666666666667,88.9214897481555,28.3333333333333,81.8007098096106,1.14918026801037,0.440988362793483,415.666666666667,1268.5654464878,NaN,NaN,415.666666666667,1268.5654464878,NaN,NaN,NaN,NaN,1,0,1,0,1,0,0.00186219739292365,0.00801238869599527,1.33333333333333,1.43421757658315,9.6,1.99892064892125,98.1827194,0
s7_clean,fixed_packet,5,5,2,396,0.9,0.9,self_stable_validated,0.0003,0.95,0,0,NaN,NaN,2,1,1,1,1,192,39.978412978425,192,39.978412978425,0,0,0,0,466.803369880146,16.3968831554126,2.31890751086218,5.16061190809677,464.484462369283,19.4249572723977,466.803369880146,16.3968831554126,444.399999999946,1.66964910699658e-10,648.849999999952,167.88907395598,845.679999999921,62.5229037418682,444.399999999946,1.66964910699658e-10,648.849999999952,167.88907395598,845.679999999921,62.5229037418682,0.0386343885791652,0.0839032070950019,34,0,1.02812586690339,0.555041186980806,21.0177021138009,19.240805071535,0,0,83.4,3.53017201142383e-14,325,0,0,0,192,39.978412978425,191.666666666667,40.9945448389503,384,79.9568259568501,383.333333333333,81.9890896779006,NaN,NaN,0.0623698666666667,0.0130840122954665,0.0895336666666559,0.0159119238958682,0.0271637999999892,0.00314059544476764,0.0623698666666667,0.0130840122954665,-0.00907600907600907,0.284295273984974,1,0,0.000359375323000225,0.0015462672145112,0.825433585583104,0.138474473130842,229,17.3889639822523,0,0,1,0,0,0,0,0,0,0,0,0,0,0,1,0,1,0,1,0,0.00186219739292365,0.00801238869599527,1.33333333333333,1.43421757658315,9.6,1.99892064892125,100.0880515,0
s7_busy,fixed_packet,5,5,2,396,0.65,0.65,self_stable_validated,0.005,0.95,0,0,NaN,NaN,2,1,1,1,1,192,39.978412978425,192,39.978412978425,0,0,0,0,1223.88581970111,150.56443920179,15.8277245673954,21.6617141971012,1208.05809513371,145.50804573608,1223.88581970111,150.56443920179,876.399999999965,38.7238745677451,2955.09999999991,1157.60063061489,5627.04999999997,1797.5203936749,876.399999999965,38.7238745677451,2955.09999999991,1157.60063061489,5627.04999999997,1797.5203936749,0.0585987379551962,0.0118054467329389,64.6047949567503,11.9055645200437,8.28678935261255,1.88343132551373,651.636150339544,108.147866034324,75.0717617468521,29.2036494403425,83.4,3.53017201142383e-14,325,0,0,0,192,39.978412978425,192,39.978412978425,384,79.9568259568501,384,79.9568259568501,NaN,NaN,0.0624662,0.0127953439531996,0.234797133333323,0.0179817420099478,0.172330933333323,0.00555866255144995,0.0624662,0.0127953439531996,-0.0607080607080609,0.832473613085133,1,0,0.00199802575336329,0.00859681096181828,0.826005138297928,0.137587497581622,438,64.5875805055086,171.333333333333,35.3353490797373,1.90014102813971,0.350163662354227,45559.1000000005,5645.28850858211,21021.8000000003,2545.01297936347,45559.1000000005,5645.28850858211,17675.3999999816,1179.04524346903,38207.6999999602,2410.67319068302,1,0,1,0,1,0,0,0,1.33333333333333,1.43421757658315,9.6,1.99892064892125,340.2589452,0
unslotted,fixed_packet,5,5,2,396,0.75,0.75,self_stable_validated,0.0003,0.95,0,0,NaN,NaN,2,1,1,1,1,192,39.978412978425,192,39.978412978425,0,0,0,0,555.607997008187,149.273096172312,4.55260561330788,2.70479828454262,551.055391394879,147.080699233582,555.607997008187,149.273096172312,493.111488279411,2.4278523461042,806.881267495743,313.003350695876,2143.9922028979,4944.41511887986,493.111488279411,2.4278523461042,806.881267495743,313.003350695876,2143.9922028979,4944.41511887986,0,0,0,0,7.73498590533688,4.18280978930754,28.8434725216259,46.9671947353322,26.9769329679166,98.7076993627297,162.5,0,325,0,0,0,192,39.978412978425,191.666666666667,40.9945448389503,384,79.9568259568501,383.333333333333,81.9890896779006,NaN,NaN,0.0623532646605074,0.0131344416292892,0.10642442915628,0.0292258208274416,0.0437461644957727,0.0251731767787539,0.0626782646605075,0.0128441847232831,-0.0424174316375114,0.289995389652126,1,0,0.00049892448356111,0.00214669879113278,0.825433585583104,0.138474473130842,266,123.534347623384,35.6666666666667,121.705847806559,1.18862708110161,0.654532862197674,522,1785.44406241136,NaN,NaN,522,1785.44406241136,NaN,NaN,NaN,NaN,1,0,1,0,1,0,0.00186219739292365,0.00801238869599527,1.33333333333333,1.43421757658315,9.6,1.99892064892125,13.0202445,0
sf_cf,fixed_packet,5,5,3,594,0.55,0.55,self_stable_validated,0.01,0.6,0,0,NaN,NaN,2,1,1,1,0.666666666666667,192,39.978412978425,152.666666666667,199.263358497959,39.3333333333333,169.237674036812,39.3333333333333,169.237674036812,NaN,NaN,NaN,NaN,NaN,NaN,1310.11491586202,264.951607589129,NaN,NaN,NaN,NaN,NaN,NaN,997.75,161.030047761439,2961.025,797.289365741428,5422.54500000001,4637.36306354454,NaN,NaN,NaN,NaN,NaN,NaN,NaN,NaN,NaN,NaN,NaN,NaN,NaN,NaN,NaN,NaN,192,39.978412978425,152.666666666667,196.958337966654,576,119.935238935275,458,590.875013899963,NaN,NaN,0.0745125,0.0962493023201487,12.3845213333333,52.1211449677642,9.39518383333333,39.74625674188,2.9893375,12.3748887365495,62.8746708746709,270.727622191888,0.780260707635009,0.945461866127442,NaN,NaN,0.737006630268771,0.441951933142089,20045.6666666667,85089.9775739015,25.3333333333333,39.3038423413287,1.15926630960382,0.106389092383335,528775,2236334.66457486,528775,2236334.66457486,9676387.5,41554429.3138379,194275,801294.115705202,2914825,12470164.7440678,0.666666666666667,1.43421757658315,0.666666666666667,1.43421757658315,0.666666666666667,1.43421757658315,0.219464396559369,0.934053400125601,1.33333333333333,1.43421757658315,9.6,1.99892064892125,3.3528573,0
sf_cb,fixed_packet,5,5,3,594,0.75,0.75,self_stable_validated,0.005,0.75,0,0,NaN,NaN,2,1,1,1,0.666666666666667,192,39.978412978425,131.666666666667,273.078190278349,60.3333333333333,259.593381361551,60.3333333333333,259.593381361551,NaN,NaN,NaN,NaN,NaN,NaN,917.828167952469,227.773956562117,NaN,NaN,NaN,NaN,NaN,NaN,807.416666666667,148.504296224557,1492.95,439.132262701454,1997.445,876.317277715957,NaN,NaN,NaN,NaN,NaN,NaN,NaN,NaN,NaN,NaN,NaN,NaN,NaN,NaN,NaN,NaN,192,39.978412978425,131.666666666667,273.078190278349,576,119.935238935275,395,819.234570835046,NaN,NaN,0.064125,0.13302557446423,31.6549505,135.47728388337,31.5908255,135.608942616884,0.064125,0.13302557446423,54.4248504248504,234.104495977589,0.677361853832442,1.38819990032915,NaN,NaN,0.614182736381187,1.00426278082118,110400,473909.230979852,17,30.5255952572913,1.25000443380332,0.54016823170407,661483.333333333,2837043.83083292,661483.333333333,2837043.83083292,17910695.8333333,77045325.6281408,327958.333333333,1402700.70342262,7918454.16666667,34053578.0995286,0.666666666666667,1.43421757658315,0.666666666666667,1.43421757658315,0.666666666666667,1.43421757658315,0.322638146167558,1.38819990032915,1.33333333333333,1.43421757658315,9.6,1.99892064892125,4.911071,0
sb_cf,fixed_packet,5,5,3,594,0.003,0.003,self_stable_validated,0.0005,0.003,0,0,NaN,NaN,2,1,1,1,1,192,39.978412978425,192,39.978412978425,0,0,0,0,5054.95114185847,1359.24110222313,95.0896540637586,226.244514745602,4959.86148779471,1135.1405934285,5054.95114185847,1359.24110222313,3453,600.22005580005,16165.8,12338.7275126078,25880.22,15502.9140770437,3453,600.22005580005,16165.8,12338.7275126078,25880.22,15502.9140770437,0,0,48.2298080566237,16.76214923309,0,0,4220.10134363209,880.625960173548,204.030336106002,240.339639739158,0,0,487.5,0,0,0,192,39.978412978425,191.333333333333,37.2068216641462,576,119.935238935275,574,111.620464992438,NaN,NaN,0.093275,0.0181383255612713,0.967256,0.21031665728782,0.967256,0.21031665728782,0,0,0.300496300496301,3.14100192683681,1,0,0.00587313484204232,0.0108994427579552,0.821302384829376,0.133860338129414,314,77.606943032422,79.3333333333333,88.0497463639608,1.41852376637129,0.49300438920853,41437.5,42177.485848495,NaN,NaN,41437.5,42177.485848495,NaN,NaN,NaN,NaN,1,0,1,0,1,0,0.00317460317460318,0.0136592150150777,1.33333333333333,1.43421757658315,9.6,1.99892064892125,125.2877896,0
sb_cb,fixed_packet,5,5,3,594,0.7,0.7,self_stable_validated,0.0003,0.95,0,0,NaN,NaN,2,1,1,1,1,192,39.978412978425,192,39.978412978425,0,0,0,0,818.299933848603,116.120531531783,8.46857334435382,8.33200151705356,809.831360504249,117.524200754408,818.299933848603,116.120531531783,686,0,1239.5,129.960769228493,3956.09,4374.10944982299,686,0,1239.5,129.960769228493,3956.09,4374.10944982299,0,0,45.0616524381888,22.987374861489,0,0,68.4183972014402,39.035390235249,46.3513108646201,94.1091631003962,162.5,0,487.5,0,0,0,192,39.978412978425,192,39.978412978425,576,119.935238935275,576,119.935238935275,NaN,NaN,0.0935193333333333,0.0197338381757509,0.157458333333333,0.0532954570050132,0.0637765,0.0347769023775642,0.0936818333333333,0.0192448062180149,-0.0464385366158355,0.309636243431958,1,0,0.000589479017469996,0.00253632350364731,0.826005138297928,0.137587497581622,295,161.965016798896,65.3333333333333,145.472371350064,1.32534271877026,0.676099260632029,947.333333333333,2101.64669293802,NaN,NaN,947.333333333333,2101.64669293802,NaN,NaN,NaN,NaN,1,0,1,0,1,0,0,0,1.33333333333333,1.43421757658315,9.6,1.99892064892125,256.526719,0
s7_clean,fixed_packet,5,5,3,594,0.9,0.9,self_stable_validated,0.0003,0.95,0,0,NaN,NaN,2,1,1,1,1,192,39.978412978425,192,39.978412978425,0,0,0,0,660.839409588055,38.2690103378944,3.97146439276493,7.65435881186116,656.86794519529,41.4319083571301,660.839409588055,38.2690103378944,606.899999999907,0,1018.49999999998,275.072041612473,1508.72999999995,86.919453164915,606.899999999907,0,1018.49999999998,275.072041612473,1508.72999999995,86.919453164915,0.044275798690015,0.038042034308824,36.2268881956033,3.22988531938884,1.01726039323805,0.678362850307783,43.2170950573673,50.8802091701913,5.46242575039157,7.92271869520676,83.4,3.53017201142383e-14,487.5,0,0,0,192,39.978412978425,192,39.978412978425,576,119.935238935275,576,119.935238935275,NaN,NaN,0.0935163333333334,0.0197429853610651,0.126647133333323,0.019945351553221,0.0331307999999892,0.00316545807500757,0.0935163333333334,0.0197429853610651,-0.0147560147560148,0.371183823355871,1,0,0.000702366471319002,0.0030220390151052,0.826005138297928,0.137587497581622,252.333333333333,27.9212363908807,12.6666666666667,18.8095871778349,1.06549671163539,0.0949966270408482,623,730.595501400512,311.5,365.297750700256,623,730.595501400512,169.099999999724,251.107988823575,338.199999999449,502.215977647149,1,0,1,0,1,0,0,0,1.33333333333333,1.43421757658315,9.6,1.99892064892125,172.5335012,0
s7_busy,fixed_packet,5,5,3,594,0.75,0.75,self_stable_validated,0.01,0.95,0,0,NaN,NaN,2,1,1,1,1,192,39.978412978425,192,39.978412978425,0,0,0,0,1694.94791281667,147.828226164664,19.3728236830529,38.278107903358,1675.57508913362,110.536227571479,1694.94791281667,147.828226164664,1220.39999999997,42.3215711500138,4373.69999999991,1531.19725705086,6508.22999999995,3729.91897938624,1220.39999999997,42.3215711500138,4373.69999999991,1531.19725705086,6508.22999999995,3729.91897938624,0.089140970761871,0.0456906962495129,71.8807000572364,3.66177215399483,6.65398423462834,1.63727583124137,933.132134907063,105.121594561145,92.9191289639269,8.98211169538731,83.4,3.53017201142383e-14,487.5,0,0,0,192,39.978412978425,191.666666666667,36.1980150877958,576,119.935238935275,575,108.594045263388,NaN,NaN,0.0935307,0.0180360574304749,0.326777166666656,0.0599497357031769,0.233246466666656,0.0438116157396556,0.0935307,0.0180360574304749,-0.123104123104123,0.627102972030611,1,0,0.00735861174135821,0.0242599671218931,0.825836856667371,0.127611543294102,472.666666666667,42.7627790333518,214.333333333333,64.0278162485747,2.11413823697754,0.107699180999848,39008.7000000003,4612.43304992071,17711.0000000002,2504.0624179163,39008.7000000003,4612.43304992071,15174.4999999843,1970.16805308975,33490.6999999653,3626.99310730348,1,0,1,0,1,0,0.00503680056752683,0.0118882121221342,1.33333333333333,1.43421757658315,9.6,1.99892064892125,450.9572295,0
unslotted,fixed_packet,5,5,3,594,0.85,0.85,self_stable_validated,0.0003,0.95,0,0,NaN,NaN,2,1,1,1,0.666666666666667,192,39.978412978425,133.333333333333,265.980666778086,58.6666666666667,252.422293478635,58.6666666666667,252.422293478635,NaN,NaN,NaN,NaN,NaN,NaN,4638.91721442921,16612.0082238464,NaN,NaN,NaN,NaN,NaN,NaN,656.758134397145,13.0604022411515,28478.9627382247,116981.685037398,31528.652693208,117145.509803827,NaN,NaN,NaN,NaN,NaN,NaN,NaN,NaN,NaN,NaN,NaN,NaN,NaN,NaN,NaN,NaN,192,39.978412978425,133.333333333333,265.980666778086,576,119.935238935275,400,797.942000334257,NaN,NaN,0.0649149187361864,0.129530806495207,30.0614228588056,128.698282553607,29.9846454400694,128.778507494229,0.0767774187361864,0.0820609045808352,54.4049313862178,234.147320685382,0.686274509803921,1.34985183678414,NaN,NaN,0.61219860939706,1.01275212897789,150620.666666667,646691.589766685,262.333333333333,760.707434280617,19.7507033624352,78.576187530576,2179611,9372619.30877069,NaN,NaN,2179611,9372619.30877069,NaN,NaN,NaN,NaN,0.666666666666667,1.43421757658315,0.666666666666667,1.43421757658315,0.666666666666667,1.43421757658315,0.313725490196078,1.34985183678414,1.33333333333333,1.43421757658315,9.6,1.99892064892125,74.8786706,0
sf_cf,fixed_packet,5,5,4,792,0.4,0.4,self_stable_validated,0.02,0.4,0,0,NaN,NaN,2,1,1,1,1,192,39.978412978425,192,39.978412978425,0,0,0,0,2541.64898195608,701.483295662317,55.395006257116,88.8782314398276,2486.25397569896,660.052804117827,2541.64898195608,701.483295662317,1932.83333333333,670.195233493309,6794.28333333333,2795.73160949365,9909.26333333334,4122.26287542162,1932.83333333333,670.195233493309,6794.28333333333,2795.73160949365,9909.26333333334,4122.26287542162,313.089001227713,27.8667043974663,0,0,1370.08607980182,500.688973285949,0,0,153.07889466943,172.638530697718,0,0,650,0,0,0,192,39.978412978425,191.333333333333,38.5108117427122,768,159.9136519137,765.333333333333,154.043246970849,NaN,NaN,0.124316666666667,0.0254455420955344,0.483696333333333,0.106648059292117,0.330563,0.0867416539335525,0.153133333333333,0.0199445217006813,-0.265656265656266,1.48644904625205,1,0,0.00598494137214451,0.020867365597513,0.82610194666981,0.131596805136695,280.666666666667,36.1980150877958,44.3333333333333,45.9621422316075,1.23550599179912,0.265597739534952,16033.3333333333,14562.0765714947,16033.3333333333,14562.0765714947,33583.3333333333,31489.8954986916,13650,13795.9132435016,28816.6666666667,29875.3924505449,1,0,1,0,1,0,0.00701456136881704,0.00798420643122336,1.33333333333333,1.43421757658315,9.6,1.99892064892125,4.5101753,0
sf_cb,fixed_packet,5,5,4,792,0.7,0.7,self_stable_validated,0.007,0.75,0,0,NaN,NaN,2,1,1,1,0.666666666666667,192,39.978412978425,153,197.84406360635,39,167.803456460229,39,167.803456460229,NaN,NaN,NaN,NaN,NaN,NaN,1073.91691926037,103.554228565031,NaN,NaN,NaN,NaN,NaN,NaN,947.333333333333,7.98538551144412,1845.725,541.020196976347,3162.70333333333,2283.4747433697,NaN,NaN,NaN,NaN,NaN,NaN,NaN,NaN,NaN,NaN,NaN,NaN,NaN,NaN,NaN,NaN,192,39.978412978425,153,195.900681272621,768,159.9136519137,612,783.602725090482,NaN,NaN,0.09955,0.128051143513969,12.154063,51.3763713700435,12.054513,51.5030571439287,0.09955,0.128051143513969,62.9263869263869,270.616211054229,0.782122905027933,0.937449477431447,NaN,NaN,0.743904452279282,0.416196215727404,76100.6666666667,326350.472690645,17.3333333333333,21.1273441862595,1.12949034941445,0.141245196502436,522654.166666667,2241807.89333115,522654.166666667,2241807.89333115,12333966.6666667,53054442.1999495,189183.333333333,806999.283556112,3685350,15842448.2429626,0.666666666666667,1.43421757658315,0.666666666666667,1.43421757658315,0.666666666666667,1.43421757658315,0.217797428773439,0.925626113702588,1.33333333333333,1.43421757658315,9.6,1.99892064892125,8.3734817,0
sb_cf,fixed_packet,5,5,4,792,0.0009,0.0009,self_stable_validated,0.0007,0.0009,0,0,NaN,NaN,2,1,1,1,1,192,39.978412978425,192,39.978412978425,0,0,0,0,15639.32631844,6377.64400745147,1152.08872642675,876.854853614353,14487.2375920133,5773.96278080015,15639.32631844,6377.64400745147,11111,5262.28501113932,44805.5,18386.2871811388,70207.3100000001,40736.1664277849,11111,5262.28501113932,44805.5,18386.2871811388,70207.3100000001,40736.1664277849,0,0,45.4257402436173,11.9262848191536,0,0,13573.3785824064,5542.85183197233,218.433269363273,228.002503895584,0,0,650,0,0,0,192,39.978412978425,189.333333333333,36.6217284839342,768,159.9136519137,757.333333333333,146.486913935737,NaN,NaN,0.123066666666667,0.0238041235145572,2.93250433333333,1.34146232735788,2.93250433333333,1.34146232735788,0,0,-0.489760489760489,3.89843276787214,1,0,0.0249504514401287,0.0148713549087254,0.826265170139001,0.129957748003816,317.666666666667,36.6217284839342,64.3333333333333,64.7942612913851,1.3360511836358,0.350773082916283,57633.3333333333,34643.7771655502,NaN,NaN,57633.3333333333,34643.7771655502,NaN,NaN,NaN,NaN,1,0,1,0,1,0,0.0135589973250177,0.0175526253008599,1.33333333333333,1.43421757658315,9.6,1.99892064892125,201.1378095,0
sb_cb,fixed_packet,5,5,4,792,0.55,0.55,self_stable_validated,0.0003,0.95,0,0,NaN,NaN,2,1,1,1,1,192,39.978412978425,192,39.978412978425,0,0,0,0,1006.76013588777,182.296714698284,8.44263042613355,5.36603678687041,998.317505461639,180.444937228094,1006.76013588777,182.296714698284,857.5,0,1654.6,609.947464005013,3901.81000000001,3847.82087767369,857.5,0,1654.6,609.947464005013,3901.81000000001,3847.82087767369,0,0,40.233132602965,10.4812196784394,0,0,120.096864803142,132.194109972413,25.487508055533,45.6009293877696,162.5,0,650,0,0,0,192,39.978412978425,192,39.978412978425,768,159.9136519137,768,159.9136519137,NaN,NaN,0.124716333333333,0.0262390625387357,0.192567333333333,0.0227962974848662,0.0674176666666667,0.0261642211142286,0.125149666666667,0.0249566531459051,-0.0372652492884062,0.58946045486046,1,0,0.000458446232567351,0.00197253493399927,0.826005138297928,0.137587497581622,268.333333333333,53.5291810078691,34,55.4914330802435,1.18332742949897,0.308271167012925,541.333333333333,959.331830626692,NaN,NaN,541.333333333333,959.331830626692,NaN,NaN,NaN,NaN,1,0,1,0,1,0,0,0,1.33333333333333,1.43421757658315,9.6,1.99892064892125,234.844047,0
s7_clean,fixed_packet,5,5,4,792,0.9,0.9,self_stable_validated,0.0003,0.95,0,0,NaN,NaN,2,1,1,1,1,192,39.978412978425,192,39.978412978425,0,0,0,0,883.776938342574,182.984914461848,14.4606904878077,29.1969307935661,869.316247854766,154.315119112405,883.776938342574,182.984914461848,769.399999999907,0,1351.54999999998,306.103050144244,3485.80999999995,7214.58972561013,769.399999999907,0,1351.54999999998,306.103050144244,3485.80999999995,7214.58972561013,0.0563343211000811,0.0387314047867715,40.7175086862238,19.6979679936628,1.18199017545058,0.398387870739487,77.4827610122545,90.153242119801,16.4776536597371,48.3179567844552,83.4,3.53017201142383e-14,650,0,0,0,192,39.978412978425,192,39.978412978425,768,159.9136519137,768,159.9136519137,NaN,NaN,0.124716333333333,0.0262390625387355,0.169160133333323,0.0323560721308443,0.0444437999999892,0.0311415363327378,0.124716333333333,0.0262390625387355,-0.0344960344960346,0.479085486437134,1,0,0.000540242932825861,0.0023244777296507,0.826005138297928,0.137587497581622,268,109.893266010843,37,108.024292931025,1.19757378488893,0.579351999813612,1041.3,3113.1079308676,507.3,1499.33051264684,1041.3,3113.1079308676,480.599999999841,1384.93749706281,987.899999999693,2884.2486212594,1,0,1,0,1,0,0,0,1.33333333333333,1.43421757658315,9.6,1.99892064892125,174.0885717,0
s7_busy,fixed_packet,5,5,4,792,0.75,0.75,self_stable_validated,0.01,0.9,0,0,NaN,NaN,2,1,1,1,1,192,39.978412978425,192,39.978412978425,0,0,0,0,2338.62992731876,394.270352083269,42.4367911972634,80.6740602934298,2296.1931361215,314.213073046689,2338.62992731876,394.270352083269,1622.89999999993,454.398630482738,6115.99999999991,1919.027928205,9918.85999999998,2597.34976774097,1622.89999999993,454.398630482738,6115.99999999991,1919.027928205,9918.85999999998,2597.34976774097,0.0812997160953501,0.0987684860774652,81.1534337791321,17.4504102478449,7.48680599715762,2.27723490087774,1358.4069973003,254.190382268536,115.664599328812,42.8048298432431,83.4,3.53017201142383e-14,650,0,0,0,192,39.978412978425,190.666666666667,38.0270558952041,768,159.9136519137,762.666666666667,152.108223580816,NaN,NaN,0.124047866666667,0.0247214264108877,0.445806266666656,0.098928030575604,0.321758399999989,0.0836901993339005,0.124047866666667,0.0247214264108877,-0.022852022852023,2.20208381448287,1,0,0.00617439233361864,0.0141993835562126,0.823784332835517,0.130996282608114,539,62.0537401505071,266.333333333333,109.593369109205,2.38686569938624,0.513247360230733,35092.7000000003,1471.69071391919,15877.6000000002,664.369290650161,35092.7000000003,1471.69071391919,13314.399999986,1943.18844184027,29547.999999969,4048.81357100765,1,0,1,0,1,0,0.00673966556319498,0.0145720353109359,1.33333333333333,1.43421757658315,9.6,1.99892064892125,399.5269637,0
unslotted,fixed_packet,5,5,4,792,0.65,0.65,self_stable_validated,0.0003,0.95,0,0,NaN,NaN,2,1,1,1,0.666666666666667,192,39.978412978425,134,263.142774284455,58,249.553858325469,58,249.553858325469,NaN,NaN,NaN,NaN,NaN,NaN,7505.44899717733,28367.3835218451,NaN,NaN,NaN,NaN,NaN,NaN,1343.94736017593,2255.67408552333,34277.9746655685,141278.311945206,35598.1640431281,143507.424952255,NaN,NaN,NaN,NaN,NaN,NaN,NaN,NaN,NaN,NaN,NaN,NaN,NaN,NaN,NaN,NaN,192,39.978412978425,134,263.142774284455,768,159.9136519137,536,1052.57109713782,NaN,NaN,0.0870164335786032,0.170910849918356,29.4737981152946,126.054521881752,29.3677150150494,126.144301801246,0.10608310024527,0.0928631655032874,54.4208312345676,234.113245607651,0.689839572192513,1.33451261136614,NaN,NaN,0.625414620439158,0.95622168806927,144987,622746.594167892,391,1592.07647563599,30.0743637492241,124.616998337322,2097676.33333333,9024325.03504376,NaN,NaN,2097676.33333333,9024325.03504376,NaN,NaN,NaN,NaN,0.666666666666667,1.43421757658315,0.666666666666667,1.43421757658315,0.666666666666667,1.43421757658315,0.310160427807487,1.33451261136614,1.33333333333333,1.43421757658315,9.6,1.99892064892125,48.3269777,0
sf_cf,fixed_packet,5,5,5,990,NaN,0.5,validation_failed,0.015,0.5,0,0,NaN,NaN,2,1,0,NaN,0,NaN,NaN,NaN,NaN,NaN,NaN,NaN,NaN,NaN,NaN,NaN,NaN,NaN,NaN,NaN,NaN,NaN,NaN,NaN,NaN,NaN,NaN,NaN,NaN,NaN,NaN,NaN,NaN,NaN,NaN,NaN,NaN,NaN,NaN,NaN,NaN,NaN,NaN,NaN,NaN,NaN,NaN,NaN,NaN,NaN,NaN,NaN,NaN,NaN,NaN,NaN,NaN,NaN,NaN,NaN,NaN,NaN,NaN,NaN,NaN,NaN,NaN,NaN,NaN,NaN,NaN,NaN,NaN,NaN,NaN,NaN,NaN,NaN,NaN,NaN,NaN,NaN,NaN,NaN,NaN,NaN,NaN,NaN,NaN,NaN,NaN,NaN,NaN,NaN,NaN,NaN,NaN,NaN,NaN,NaN,NaN,NaN,NaN,5.8852459,0
sf_cb,fixed_packet,5,5,5,990,0.7,0.7,self_stable_validated,0.005,0.7,0,0,NaN,NaN,2,1,1,1,0.333333333333333,192,39.978412978425,94.3333333333333,258.043603727163,97.6666666666667,224.21091769255,97.6666666666667,224.21091769255,NaN,NaN,NaN,NaN,NaN,NaN,2057.64761078042,3007.35614140653,NaN,NaN,NaN,NaN,NaN,NaN,1166.66666666667,152.124704008917,4583.9,10397.8614338283,8025.21,12345.2196472623,NaN,NaN,NaN,NaN,NaN,NaN,NaN,NaN,NaN,NaN,NaN,NaN,NaN,NaN,NaN,NaN,192,39.978412978425,94.3333333333333,256.303950612773,960,199.892064892125,471.666666666667,1281.51975306387,NaN,NaN,0.0767458333333333,0.20916040856874,42.3036796666667,114.699788372763,42.2269338333333,114.893236264054,0.0767458333333333,0.20916040856874,117.421429421429,253.935893316357,0.46855674722911,1.20617135978818,NaN,NaN,0.535904261155133,0.910498549674614,175677,388016.667382976,49.3333333333333,96.4131364363429,4.44730489417989,12.9420683425392,1179695.83333333,2588242.79056819,1179695.83333333,2588242.79056819,28523300,63085349.9665477,513079.166666667,1216715.51924482,10810700,26636776.4751057,0.333333333333333,1.43421757658315,0.333333333333333,1.43421757658315,0.333333333333333,1.43421757658315,0.531168356965268,1.19815317890117,1.33333333333333,1.43421757658315,9.6,1.99892064892125,9.7164003,0
sb_cf,fixed_packet,5,5,5,990,NaN,0.0007,validation_failed,0.0007,0.0007,0,0,NaN,NaN,2,1,0,NaN,0,NaN,NaN,NaN,NaN,NaN,NaN,NaN,NaN,NaN,NaN,NaN,NaN,NaN,NaN,NaN,NaN,NaN,NaN,NaN,NaN,NaN,NaN,NaN,NaN,NaN,NaN,NaN,NaN,NaN,NaN,NaN,NaN,NaN,NaN,NaN,NaN,NaN,NaN,NaN,NaN,NaN,NaN,NaN,NaN,NaN,NaN,NaN,NaN,NaN,NaN,NaN,NaN,NaN,NaN,NaN,NaN,NaN,NaN,NaN,NaN,NaN,NaN,NaN,NaN,NaN,NaN,NaN,NaN,NaN,NaN,NaN,NaN,NaN,NaN,NaN,NaN,NaN,NaN,NaN,NaN,NaN,NaN,NaN,NaN,NaN,NaN,NaN,NaN,NaN,NaN,NaN,NaN,NaN,NaN,NaN,NaN,NaN,NaN,235.0130227,0
sb_cb,fixed_packet,5,5,5,990,0.3,0.3,self_stable_validated,0.0005,0.9,0,0,NaN,NaN,2,1,1,1,1,192,39.978412978425,192,39.978412978425,0,0,0,0,1264.42671193414,310.412965328689,15.0891333882461,37.2051379426639,1249.33757854589,284.190079111091,1264.42671193414,310.412965328689,1029,0,2238.9,1343.36377283066,4869.24000000001,6536.57660799598,1029,0,2238.9,1343.36377283066,4869.24000000001,6536.57660799598,0,0,40.9002716712214,13.5814629845743,0,0,198.059147197054,199.266152253984,35.3781596776175,72.3758631692505,162.5,0,812.5,0,0,0,192,39.978412978425,191.666666666667,38.5908481541098,960,199.892064892125,958.333333333333,192.954240770549,NaN,NaN,0.155907333333333,0.0327626221347853,0.241359333333333,0.0126026410624634,0.083827,0.0399793249852158,0.157532333333333,0.0293978320153422,-0.0640272727360875,0.732074902595761,1,0,0.000374863639979961,0.00161290806384285,0.824855852091543,0.132710429528188,271,59.6193050820079,37.3333333333333,69.6149769391975,1.20294916680063,0.399454793663949,570.333333333333,1011.98457247567,NaN,NaN,570.333333333333,1011.98457247567,NaN,NaN,NaN,NaN,1,0,1,0,1,0,0.00158730158730159,0.00682960750753883,1.33333333333333,1.43421757658315,9.6,1.99892064892125,267.1012456,0
s7_clean,fixed_packet,5,5,5,990,0.75,0.75,self_stable_validated,0.0003,0.95,0,0,NaN,NaN,2,1,1,1,1,192,39.978412978425,192,39.978412978425,0,0,0,0,1063.72300233445,119.263522660064,10.7977687963616,6.72615873666785,1052.92523353809,112.874324978763,1063.72300233445,119.263522660064,931.900000000023,0,1726.89999999998,399.178998310609,2752.71999999993,1799.30342311437,931.900000000023,0,1726.89999999998,399.178998310609,2752.71999999993,1799.30342311437,0.050211025328412,0.0345214694837585,35.5762928567398,2.02843261243393,3.01109807051312,1.08927663994537,114.521077931032,106.344480134599,3.86655365447347,4.975625878735,83.4,3.53017201142383e-14,812.5,0,0,0,192,39.978412978425,192,39.978412978425,960,199.892064892125,960,199.892064892125,NaN,NaN,0.155916333333333,0.0327353044021369,0.203729133333323,0.0266232274993882,0.0478127999999892,0.0165187203991318,0.155916333333333,0.0327353044021369,-0.0205560205560206,0.62051001963303,1,0,0.000436270371523207,0.00187711990494286,0.826005138297928,0.137587497581622,242.333333333333,7.98538551144412,8.66666666666667,10.3422900250845,1.04636155460999,0.0596597827186452,356,598.16529916755,178,299.082649583775,356,598.16529916755,115.699999999798,138.069571834638,231.399999999596,276.139143669275,1,0,1,0,1,0,0,0,1.33333333333333,1.43421757658315,9.6,1.99892064892125,167.728036,0
s7_busy,fixed_packet,5,5,5,990,0.65,0.65,self_stable_validated,0.01,0.9,0,0,NaN,NaN,2,1,1,1,1,192,39.978412978425,192,39.978412978425,0,0,0,0,3014.3962524166,290.272618179259,47.1714174513536,61.7407834271982,2967.22483496525,351.217211696084,3014.3962524166,290.272618179259,2113.89999999993,211.312382687237,7738.29999999992,1279.95211869585,13856.65,6104.54431482867,2113.89999999993,211.312382687237,7738.29999999992,1279.95211869585,13856.65,6104.54431482867,0.0923132313715482,0.0124093894036978,89.1135376107443,41.9274850228135,12.7466192368263,3.7162310558557,1834.18209909995,214.025095369851,135.190265786355,102.845654438313,83.4,3.53017201142383e-14,812.5,0,0,0,192,39.978412978425,191,39.4344636463706,960,199.892064892125,955,197.172318231853,NaN,NaN,0.1552207,0.0319940284361204,0.576162233333323,0.0635995713363835,0.420941533333323,0.0316127983126411,0.1552207,0.0319940284361204,0.350948350948351,4.09945435159825,1,0,0.00235843748235493,0.00440167051703197,0.824932282763751,0.135856137109811,572.333333333333,220.183929847214,306.333333333333,177.842979496311,2.62098640031601,1.2331613242004,32511.7000000002,6111.16095848511,14302.3000000001,1333.69555073539,32511.7000000002,6111.16095848511,12228.5999999867,653.240039515184,27883.6999999693,3688.33262563877,1,0,1,0,1,0,0.00515236397589339,0.0133106906679062,1.33333333333333,1.43421757658315,9.6,1.99892064892125,525.765029,0
unslotted,fixed_packet,5,5,5,990,0.5,0.5,self_stable_validated,0.0003,0.95,0,0,NaN,NaN,2,1,1,1,1,192,39.978412978425,192,39.978412978425,0,0,0,0,1174.4337008534,295.601925724409,13.9953746753364,15.4012154445426,1160.43832617806,280.236022385588,1174.4337008534,295.601925724409,987.497925250481,7.23001328046288,2053.72975610966,1157.98185445906,3638.24714893751,4937.16255519465,987.497925250481,7.23001328046288,2053.72975610966,1157.98185445906,3638.24714893751,4937.16255519465,0,0,0,0,15.6431231823505,10.2118727864762,138.120052700592,189.735165952298,31.6751502951215,80.499729166898,162.5,0,812.5,0,0,0,192,39.978412978425,192,39.978412978425,960,199.892064892125,960,199.892064892125,NaN,NaN,0.15593477735028,0.0326793932335688,0.224692808842421,0.0476038806342383,0.067674698158807,0.0473705309134261,0.157018110683614,0.0310436674169777,-0.0690054313658758,0.707180154224895,1,0,0.000317351070937087,0.00136545145165613,0.826005138297928,0.137587497581622,366.666666666667,385.27633180855,37.6666666666667,92.3261899794709,1.20221040506943,0.495796883507259,1880.16666666667,5456.6827801296,NaN,NaN,1880.16666666667,5456.6827801296,NaN,NaN,NaN,NaN,1,0,1,0,1,0,0,0,1.33333333333333,1.43421757658315,9.6,1.99892064892125,22.8888214,0
sf_cf,fixed_packet,5,5,6,1188,NaN,0.45,validation_failed,0.45,0.45,0,0,NaN,NaN,2,1,0,NaN,0,NaN,NaN,NaN,NaN,NaN,NaN,NaN,NaN,NaN,NaN,NaN,NaN,NaN,NaN,NaN,NaN,NaN,NaN,NaN,NaN,NaN,NaN,NaN,NaN,NaN,NaN,NaN,NaN,NaN,NaN,NaN,NaN,NaN,NaN,NaN,NaN,NaN,NaN,NaN,NaN,NaN,NaN,NaN,NaN,NaN,NaN,NaN,NaN,NaN,NaN,NaN,NaN,NaN,NaN,NaN,NaN,NaN,NaN,NaN,NaN,NaN,NaN,NaN,NaN,NaN,NaN,NaN,NaN,NaN,NaN,NaN,NaN,NaN,NaN,NaN,NaN,NaN,NaN,NaN,NaN,NaN,NaN,NaN,NaN,NaN,NaN,NaN,NaN,NaN,NaN,NaN,NaN,NaN,NaN,NaN,NaN,NaN,NaN,6.2560169,0
sf_cb,fixed_packet,5,5,6,1188,0.85,0.85,self_stable_validated,0.85,0.85,0,0,NaN,NaN,2,1,1,1,0.333333333333333,192,39.978412978425,91.6666666666667,264.234884286829,100.333333333333,230.454264640878,100.333333333333,230.454264640878,NaN,NaN,NaN,NaN,NaN,NaN,1360.12942362737,236.892427334978,NaN,NaN,NaN,NaN,NaN,NaN,1257.5,55.934485486743,1906.46666666667,1240.8207030635,2730.99,3048.3054207728,NaN,NaN,NaN,NaN,NaN,NaN,NaN,NaN,NaN,NaN,NaN,NaN,NaN,NaN,NaN,NaN,192,39.978412978425,91.6666666666667,262.500999862429,1152,239.87047787055,550,1575.00599917457,NaN,NaN,0.089475,0.256849754519839,44.5038713333333,120.793652694809,44.4143963333333,121.031356905742,0.089475,0.256849754519839,117.427473427473,253.910090723813,0.45405749907886,1.23968846763712,NaN,NaN,0.508517561685363,0.978180922542434,217427,482678.513104994,19.3333333333333,68.677909626424,1.1192037470726,0.301797148255989,1184462.5,2585978.56440372,1184462.5,2585978.56440372,35307079.1666667,78467096.9156805,516708.333333333,1218395.2654746,13484120.8333333,33407037.4663855,0.333333333333333,1.43421757658315,0.333333333333333,1.43421757658315,0.333333333333333,1.43421757658315,0.545667605115518,1.23168388414101,1.33333333333333,1.43421757658315,9.6,1.99892064892125,9.9251597,0
sb_cf,fixed_packet,5,5,6,1188,NaN,NaN,no_stable_q,NaN,NaN,0,0,NaN,NaN,2,0,0,NaN,0,NaN,NaN,NaN,NaN,NaN,NaN,NaN,NaN,NaN,NaN,NaN,NaN,NaN,NaN,NaN,NaN,NaN,NaN,NaN,NaN,NaN,NaN,NaN,NaN,NaN,NaN,NaN,NaN,NaN,NaN,NaN,NaN,NaN,NaN,NaN,NaN,NaN,NaN,NaN,NaN,NaN,NaN,NaN,NaN,NaN,NaN,NaN,NaN,NaN,NaN,NaN,NaN,NaN,NaN,NaN,NaN,NaN,NaN,NaN,NaN,NaN,NaN,NaN,NaN,NaN,NaN,NaN,NaN,NaN,NaN,NaN,NaN,NaN,NaN,NaN,NaN,NaN,NaN,NaN,NaN,NaN,NaN,NaN,NaN,NaN,NaN,NaN,NaN,NaN,NaN,NaN,NaN,NaN,NaN,NaN,NaN,NaN,NaN,142.0692796,0
sb_cb,fixed_packet,5,5,6,1188,0.3,0.3,self_stable_validated,0.0003,0.9,0,0,NaN,NaN,2,1,1,1,1,192,39.978412978425,192,39.978412978425,0,0,0,0,1519.19799241179,438.252602807609,14.4622595135904,9.78332562628434,1504.7357328982,431.10911750839,1519.19799241179,438.252602807609,1197.5,12.9079581892484,3000.65,1959.68260312735,6827.18,9101.30621980415,1197.5,12.9079581892484,3000.65,1959.68260312735,6827.18,9101.30621980415,0,0,41.936802985965,20.0802004274949,0,0,289.007480205558,329.091512070281,36.2914497066814,97.3907582524024,162.5,0,975,0,0,0,192,39.978412978425,191.333333333333,38.9885657867568,1152,239.87047787055,1148,233.931394720541,NaN,NaN,0.187014,0.0388918515888974,0.290103,0.0574038004900074,0.101789,0.0694010661833727,0.188314,0.0393205671798634,-0.0475560475560477,0.796332558550755,1,0,0.00066619492153431,0.00118532217369304,0.823702527932487,0.135932634776042,276.333333333333,99.1893926412275,43.6666666666667,109.874546435541,1.23343538194015,0.590594130220438,652.5,1498.62234598895,NaN,NaN,652.5,1498.62234598895,NaN,NaN,NaN,NaN,1,0,1,0,1,0,0.00336983278159749,0.00728601765546793,1.33333333333333,1.43421757658315,9.6,1.99892064892125,301.642361,0
s7_clean,fixed_packet,5,5,6,1188,0.75,0.75,self_stable_validated,0.0003,0.95,0,0,NaN,NaN,2,1,1,1,1,192,39.978412978425,192,39.978412978425,0,0,0,0,1300.31593693846,192.384145306362,19.1223184570926,31.0192374432666,1281.19361848136,165.915574096748,1300.31593693846,192.384145306362,1094.40000000002,0,2074.19999999995,311.121959761845,4112.78999999995,4671.79612741608,1094.40000000002,0,2074.19999999995,311.121959761845,4112.78999999995,4671.79612741608,0.044087729556743,0.0303115341807455,39.4606786137512,7.6946748354322,3.63164341409494,1.88943347928985,166.262485300819,142.571699013425,13.3947234231427,18.8745847433837,83.4,3.53017201142383e-14,975,0,0,0,192,39.978412978425,191.666666666667,38.5908481541098,1152,239.87047787055,1150,231.545088924659,NaN,NaN,0.187082533333333,0.039091020732367,0.248839333333323,0.0278153438100028,0.0617567999999892,0.0282927387356403,0.187082533333333,0.039091020732367,-0.0414000414000415,0.722627595718564,1,0,0.000487160849513289,0.00133549737281006,0.824855852091543,0.132710429528188,262.666666666667,39.6166099442618,30.3333333333333,40.8437366827623,1.1606081945221,0.226313965748006,898.9,1269.47790984709,445,616.277318112968,898.9,1269.47790984709,400.499999999593,526.450089679358,809.89999999917,1090.52776943031,1,0,1,0,1,0,0.00158730158730159,0.00682960750753883,1.33333333333333,1.43421757658315,9.6,1.99892064892125,304.7227588,0
s7_busy,fixed_packet,5,5,6,1188,0.55,0.55,self_stable_validated,0.015,0.9,0,0,NaN,NaN,2,1,1,1,1,192,39.978412978425,192,39.978412978425,0,0,0,0,3808.02500437447,648.172826757798,78.7926874965304,58.8186080554459,3729.23231687794,654.831706862396,3808.02500437447,648.172826757798,2921.39999999995,774.80012310877,10484.6999999999,1685.6292259295,14223.5399999999,724.439290942693,2921.39999999995,774.80012310877,10484.6999999999,1685.6292259295,14223.5399999999,724.439290942693,0.0941765431434018,0.0189730393926542,84.3362725418591,20.4895494353066,17.6135815219943,4.43287138948504,2445.31637068297,581.61509859798,123.471915587972,50.2596594971931,83.4,3.53017201142383e-14,975,0,0,0,192,39.978412978425,191.333333333333,34.2714985452287,1152,239.87047787055,1148,205.628991271372,NaN,NaN,0.186346333333333,0.0337182019335199,0.724615533333323,0.0170205302058957,0.538269199999989,0.0503909377683264,0.186346333333333,0.0337182019335199,-0.181788181788182,3.07332158382462,1,0,0.0164983510265024,0.0313770444139023,0.826925670807497,0.123264328415839,556,93.1800022564542,281.666666666667,60.0490302992982,2.48047860417233,0.602633806920781,30197.7000000001,1768.56786520801,13439.0000000001,966.487002844175,30197.7000000001,1768.56786520801,11267.3999999879,331.632384518814,25409.4999999723,598.165299168789,1,0,1,0,1,0,0.010268830742048,0.0112709497393442,1.33333333333333,1.43421757658315,9.6,1.99892064892125,676.8748212,0
unslotted,fixed_packet,5,5,6,1188,0.4,0.4,self_stable_validated,0.4,0.45,0,0,NaN,NaN,2,1,1,1,0.666666666666667,192,39.978412978425,133,267.399857443275,59,253.856511055218,59,253.856511055218,NaN,NaN,NaN,NaN,NaN,NaN,3379.863320565,6214.33424958832,NaN,NaN,NaN,NaN,NaN,NaN,1567.51236670351,1764.92692558464,12436.2993794663,24568.2488840293,17115.9573885447,32291.0016534483,NaN,NaN,NaN,NaN,NaN,NaN,NaN,NaN,NaN,NaN,NaN,NaN,NaN,NaN,NaN,NaN,192,39.978412978425,132.666666666667,266.513748890331,1152,239.87047787055,796,1599.08249334198,NaN,NaN,0.129520600572319,0.260390690520357,30.5134821857012,129.667554580998,30.3586115851289,129.851842145079,0.154870600572319,0.185032910065195,54.4484064484065,234.05427020797,0.684491978609626,1.35752144949315,NaN,NaN,0.609329746471097,1.01721233113111,137505.666666667,589062.49574823,192.333333333333,552.933193802937,6.10031923383879,16.8339811424021,1989134.16666667,8537131.61679003,NaN,NaN,1989134.16666667,8537131.61679003,NaN,NaN,NaN,NaN,0.666666666666667,1.43421757658315,0.666666666666667,1.43421757658315,0.666666666666667,1.43421757658315,0.317095322977676,1.35411956292256,1.33333333333333,1.43421757658315,9.6,1.99892064892125,133.8610662,0
