protocol,M,q,stage,n_runs,mean_throughput,se_throughput,mean_completed_pkt_s,mean_collision_fraction,mean_jain_fairness,selected
sf_cf,0.1,0.025,coarse,1,0.374184,0,20788,0.26026,0.998739927341332,1
sf_cb,0.1,0.025,coarse,1,0.032742,0,1819,0.252054,0.974047372325518,1
sb_cf,0.1,1e-05,coarse,1,0.00072,0,40,0,0.416666666666667,0
sb_cf,0.1,1.94876784266975e-05,coarse,1,0.0018,0,100,0,0.730994152046784,0
sb_cf,0.1,3.79769610462371e-05,coarse,1,0.003564,0,198,2.7e-05,0.832003395585739,0
sb_cf,0.1,7.40082804492285e-05,coarse,1,0.006552,0,364,2.7e-05,0.888519313304721,0
sb_cf,0.1,0.000144224957030741,coarse,1,0.011592,0,644,0.000108,0.953854645814167,0
sb_cf,0.1,0.000281060958371934,coarse,1,0.022086,0,1227,0.000486,0.974654297330191,0
sb_cf,0.1,0.000547722557505166,coarse,1,0.042372,0,2354,0.001917,0.987207827375862,0
sb_cf,0.1,0.001,coarse,1,0.071298,0,3961,0.006282,0.992542796411807,0
sb_cf,0.1,0.0010673841067709,coarse,1,0.075258,0,4181,0.00684,0.992334211333008,0
sb_cf,0.1,0.0020800838230519,coarse,1,0.128556,0,7142,0.021411,0.995307660847195,0
sb_cf,0.1,0.003,coarse,1,0.164898,0,9161,0.041409,0.996039302786074,0
sb_cf,0.1,0.0040536004644211,coarse,1,0.196002,0,10889,0.068823,0.996128417130439,0
sb_cf,0.1,0.00789952623209501,coarse,1,0.249138,0,13841,0.188982,0.994691681493932,0
sb_cf,0.1,0.00882865195607039,fine,1,0.250819,0,13935,0.221463,0.994128660938136,1
sb_cf,0.1,0.00986705950095362,fine,1,0.250621,0,13924,0.257328,0.994396357353263,0
sb_cf,0.1,0.01,coarse,1,0.250405,0,13912,0.261873,0.994532101070543,0
sb_cf,0.1,0.0110276023655477,fine,1,0.245905,0,13662,0.296415,0.993353053126357,0
sb_cf,0.1,0.0123246458502536,fine,1,0.240073,0,13338,0.337581,0.990765910864939,0
sb_cf,0.1,0.0137742448720066,fine,1,0.231643,0,12869,0.381402,0.98782905434149,0
sb_cf,0.1,0.0153943426934329,coarse,1,0.222877,0,12382,0.42606,0.98725509539637,0
sb_cf,0.1,0.03,coarse,1,0.123024,0,6834,0.710845,0.968209409200896,0
sb_cf,0.1,0.03,coarse,1,0.123024,0,6834,0.710845,0.968209409200896,0
sb_cb,0.1,1e-05,coarse,1,0.000954,0,53,0,0.600213675213675,0
sb_cb,0.1,1.77827941003892e-05,coarse,1,0.001548,0,86,0,0.79017094017094,0
sb_cb,0.1,3.16227766016838e-05,coarse,1,0.002322,0,129,0,0.789421252371917,0
sb_cb,0.1,5.62341325190349e-05,coarse,1,0.004194,0,233,0.000108,0.899420145791915,0
sb_cb,0.1,0.0001,coarse,1,0.007686,0,427,0.000243,0.921039603960396,0
sb_cb,0.1,0.000177827941003892,coarse,1,0.012312,0,684,0.000783,0.930353165765192,0
sb_cb,0.1,0.000316227766016838,coarse,1,0.018936,0,1052,0.002763,0.959414661210902,0
sb_cb,0.1,0.000562341325190349,coarse,1,0.027018,0,1501,0.007173,0.974936821698717,0
sb_cb,0.1,0.001,coarse,1,0.03654,0,2030,0.016362,0.982233091165646,0
sb_cb,0.1,0.00177827941003892,coarse,1,0.044262,0,2459,0.037773,0.981406502587142,0
sb_cb,0.1,0.003,coarse,1,0.049158,0,2731,0.069255,0.980996706493889,0
sb_cb,0.1,0.00316227766016838,coarse,1,0.049482,0,2749,0.07425,0.983262421867275,0
sb_cb,0.1,0.00383118684955729,fine,1,0.050166,0,2787,0.091323,0.989055456800436,0
sb_cb,0.1,0.00464158883361278,fine,1,0.050328,0,2796,0.114543,0.982280389614306,1
sb_cb,0.1,0.00562341325190349,coarse,1,0.049806,0,2767,0.139536,0.989261312246427,0
sb_cb,0.1,0.00681292069057962,fine,1,0.048258,0,2681,0.169506,0.982111664945045,0
sb_cb,0.1,0.00825404185268018,fine,1,0.046728,0,2596,0.204003,0.982897346743519,0
sb_cb,0.1,0.01,coarse,1,0.043164,0,2398,0.244656,0.97714889683392,0
s7_clean,0.1,0.001,coarse,1,0.040986,0,2277,0.00252,0.98139863713799,0
s7_clean,0.1,0.003,coarse,1,0.060462,0,3359,0.012726,0.989938285036446,0
s7_clean,0.1,0.005,coarse,1,0.066168,0,3676,0.025389,0.992486089158651,0
s7_clean,0.1,0.00600468477588001,fine,1,0.067518,0,3751,0.030303,0.989810718938799,0
s7_clean,0.1,0.00721124785153704,fine,1,0.068562,0,3809,0.037107,0.989937267841888,0
s7_clean,0.1,0.00866025403784439,fine,1,0.0693,0,3850,0.043848,0.989517688150221,0
s7_clean,0.1,0.009,coarse,1,0.06939,0,3855,0.046116,0.986811437723611,1
s7_clean,0.1,0.0104004191152595,fine,1,0.0693,0,3850,0.054999,0.986068313295973,0
s7_clean,0.1,0.0124902476648341,fine,1,0.068778,0,3821,0.068103,0.985384028724539,0
s7_clean,0.1,0.015,coarse,1,0.067806,0,3767,0.083475,0.986639888641983,0
s7_clean,0.1,0.025,coarse,1,0.061578,0,3421,0.146475,0.98618717536462,0
s7_clean,0.1,0.05,coarse,1,0.042066,0,2337,0.30807,0.985280778472929,0
s7_clean,0.1,0.1,coarse,1,0.015336,0,852,0.518049,0.958162618796199,0
s7_clean,0.1,0.2,coarse,1,0.00108,0,60,0.628063,0.703125,0
s7_clean,0.1,0.4,coarse,1,1.8e-05,0,1,0.636237,0.025,0
s7_clean,0.1,0.6,coarse,1,0,0,0,0.636363,NaN,0
s7_clean,0.1,0.8,coarse,1,0,0,0,0.636363,NaN,0
s7_clean,0.1,1,coarse,1,0,0,0,0.318213,NaN,0
s7_busy,0.1,0.0001,coarse,1,0.000396,0,22,0.062937,0.378125,0
s7_busy,0.1,0.0003,coarse,1,0.001296,0,72,0.065646,0.563478260869565,0
s7_busy,0.1,0.0005,coarse,1,0.002484,0,138,0.067032,0.725762195121951,0
s7_busy,0.1,0.001,coarse,1,0.004896,0,272,0.068985,0.876587677725118,0
s7_busy,0.1,0.003,coarse,1,0.011988,0,666,0.081837,0.945506480218281,0
s7_busy,0.1,0.005,coarse,1,0.016596,0,922,0.095193,0.954464205515135,0
s7_busy,0.1,0.01,coarse,1,0.023094,0,1283,0.121086,0.975888093148996,0
s7_busy,0.1,0.0130766048601183,fine,1,0.025848,0,1436,0.134568,0.978223908918406,0
s7_busy,0.1,0.017099759466767,fine,1,0.02772,0,1540,0.156807,0.974619456225137,0
s7_busy,0.1,0.02,coarse,1,0.027709,0,1540,0.177093,0.96932936598764,0
s7_busy,0.1,0.0223606797749979,fine,1,0.027648,0,1536,0.190512,0.970935668663989,0
s7_busy,0.1,0.0292401773821287,fine,1,0.028087,0,1561,0.220185,0.969707979815667,1
s7_busy,0.1,0.0382362245665865,fine,1,0.025848,0,1436,0.271782,0.97041638430841,0
s7_busy,0.1,0.05,coarse,1,0.02268,0,1260,0.330928,0.971413187135934,0
s7_busy,0.1,0.1,coarse,1,0.008388,0,466,0.532413,0.920464564259071,0
s7_busy,0.1,0.2,coarse,1,0.000576,0,32,0.629496,0.492307692307692,0
sf_cf,0.2,0.025,coarse,1,0.374112,0,10392,0.26206,0.995563802421353,1
sf_cb,0.2,0.025,coarse,1,0.062316,0,1731,0.246708,0.977477980035232,1
sb_cf,0.2,1e-05,coarse,1,0.001692,0,47,0,0.497522522522523,0
sb_cf,0.2,1.94876784266975e-05,coarse,1,0.003564,0,99,0,0.735810810810811,0
sb_cf,0.2,3.79769610462371e-05,coarse,1,0.006228,0,173,0,0.834141583054626,0
sb_cf,0.2,7.40082804492285e-05,coarse,1,0.011052,0,307,0.000225,0.898293938238658,0
sb_cf,0.2,0.000144224957030741,coarse,1,0.02142,0,595,0.000765,0.942658962615827,0
sb_cf,0.2,0.000281060958371934,coarse,1,0.0396,0,1100,0.002331,0.963559915907498,0
sb_cf,0.2,0.000547722557505166,coarse,1,0.073872,0,2052,0.009036,0.982652203946754,0
sb_cf,0.2,0.001,coarse,1,0.120708,0,3353,0.026046,0.984394230196728,0
sb_cf,0.2,0.0010673841067709,coarse,1,0.12654,0,3515,0.029304,0.985425459963184,0
sb_cf,0.2,0.0020800838230519,coarse,1,0.187092,0,5197,0.088173,0.991278456928685,0
sb_cf,0.2,0.003,coarse,1,0.21276,0,5910,0.157248,0.993307253215271,0
sb_cf,0.2,0.00352534171408709,fine,1,0.218376,0,6066,0.197064,0.992633177086031,1
sb_cf,0.2,0.0040536004644211,coarse,1,0.21726,0,6035,0.241209,0.992781586674386,0
sb_cf,0.2,0.00414267806702751,fine,1,0.21672,0,6020,0.247824,0.993057443245092,0
sb_cf,0.2,0.00486811859924192,fine,1,0.212472,0,5902,0.30546,0.994425285650012,0
sb_cf,0.2,0.00572059385567691,fine,1,0.203832,0,5662,0.368874,0.994009693830725,0
sb_cf,0.2,0.00672234938292271,fine,1,0.187308,0,5203,0.436347,0.992874836606581,0
sb_cf,0.2,0.00789952623209501,coarse,1,0.166248,0,4618,0.510183,0.992287434020979,0
sb_cf,0.2,0.01,coarse,1,0.125172,0,3477,0.62607,0.986942221220819,0
sb_cf,0.2,0.0153943426934329,coarse,1,0.057312,0,1592,0.805924,0.980465461747957,0
sb_cf,0.2,0.03,coarse,1,0.006984,0,194,0.954192,0.835612788632327,0
sb_cf,0.2,0.03,coarse,1,0.006984,0,194,0.954192,0.835612788632327,0
sb_cb,0.2,1e-05,coarse,1,0.001836,0,51,1.8e-05,0.575442477876106,0
sb_cb,0.2,1.77827941003892e-05,coarse,1,0.003024,0,84,1.8e-05,0.678461538461538,0
sb_cb,0.2,3.16227766016838e-05,coarse,1,0.00504,0,140,5.4e-05,0.735735735735736,0
sb_cb,0.2,5.62341325190349e-05,coarse,1,0.008784,0,244,0.000171,0.829654403567447,0
sb_cb,0.2,0.0001,coarse,1,0.015264,0,424,0.000369,0.88368069209595,0
sb_cb,0.2,0.000177827941003892,coarse,1,0.02394,0,665,0.001026,0.949551232500215,0
sb_cb,0.2,0.000316227766016838,coarse,1,0.035935,0,999,0.003096,0.954075369966732,0
sb_cb,0.2,0.000562341325190349,coarse,1,0.052236,0,1451,0.007713,0.966471878959255,0
sb_cb,0.2,0.001,coarse,1,0.070164,0,1949,0.016794,0.9858813911238,0
sb_cb,0.2,0.00177827941003892,coarse,1,0.084193,0,2339,0.036063,0.983391392190275,0
sb_cb,0.2,0.003,coarse,1,0.091476,0,2541,0.06831,0.98459235831966,0
sb_cb,0.2,0.00316227766016838,coarse,1,0.091836,0,2551,0.071991,0.984883949705485,0
sb_cb,0.2,0.00333120259081683,fine,1,0.092448,0,2568,0.076338,0.985354658251452,0
sb_cb,0.2,0.00369897023368825,fine,1,0.092149,0,2560,0.085734,0.982890600628704,0
sb_cb,0.2,0.00410733974193887,fine,1,0.094093,0,2614,0.097191,0.982678501576198,1
sb_cb,0.2,0.00456079359657056,fine,1,0.093049,0,2585,0.109728,0.986026838150664,0
sb_cb,0.2,0.00506430914835888,fine,1,0.092232,0,2562,0.123786,0.984403345011278,0
sb_cb,0.2,0.00562341325190349,coarse,1,0.089892,0,2497,0.140715,0.976166387986047,0
sb_cb,0.2,0.01,coarse,1,0.075924,0,2109,0.245493,0.973354793813079,0
s7_clean,0.2,0.001,coarse,1,0.079344,0,2204,0.002835,0.980275096057602,0
s7_clean,0.2,0.003,coarse,1,0.11322,0,3145,0.014742,0.988418514388044,0
s7_clean,0.2,0.005,coarse,1,0.12366,0,3435,0.024759,0.989871190842922,0
s7_clean,0.2,0.00600468477588001,fine,1,0.126216,0,3506,0.030303,0.987750070714084,0
s7_clean,0.2,0.00721124785153704,fine,1,0.1278,0,3550,0.036603,0.989915858133923,0
s7_clean,0.2,0.00866025403784439,fine,1,0.128484,0,3569,0.044541,0.993061459012253,0
s7_clean,0.2,0.009,coarse,1,0.128736,0,3576,0.045675,0.993012449370077,1
s7_clean,0.2,0.0104004191152595,fine,1,0.128088,0,3558,0.05544,0.990907923904467,0
s7_clean,0.2,0.0124902476648341,fine,1,0.127188,0,3533,0.067851,0.990739485473174,0
s7_clean,0.2,0.015,coarse,1,0.125496,0,3486,0.082341,0.9893347010551,0
s7_clean,0.2,0.025,coarse,1,0.116028,0,3223,0.137844,0.990745520164505,0
s7_clean,0.2,0.05,coarse,1,0.082332,0,2287,0.288918,0.981697973678086,0
s7_clean,0.2,0.1,coarse,1,0.029736,0,826,0.512053,0.965740006794248,0
s7_clean,0.2,0.2,coarse,1,0.002052,0,57,0.627847,0.660365853658537,0
s7_clean,0.2,0.4,coarse,1,0,0,0,0.636363,NaN,0
s7_clean,0.2,0.6,coarse,1,0,0,0,0.636363,NaN,0
s7_clean,0.2,0.8,coarse,1,0,0,0,0.636363,NaN,0
s7_clean,0.2,1,coarse,1,0,0,0,0.318213,NaN,0
s7_busy,0.2,0.0001,coarse,1,0.00108,0,30,0.060858,0.489130434782609,0
s7_busy,0.2,0.0003,coarse,1,0.003096,0,86,0.062433,0.733730158730159,0
s7_busy,0.2,0.0005,coarse,1,0.005076,0,141,0.064323,0.780259026687598,0
s7_busy,0.2,0.001,coarse,1,0.009072,0,252,0.066843,0.862826086956522,0
s7_busy,0.2,0.003,coarse,1,0.022356,0,621,0.077868,0.938299270072993,0
s7_busy,0.2,0.005,coarse,1,0.031752,0,882,0.089197,0.948965550892944,0
s7_busy,0.2,0.01,coarse,1,0.044604,0,1239,0.112833,0.977261210562502,0
s7_busy,0.2,0.0130766048601183,fine,1,0.049212,0,1367,0.125307,0.97761368154519,0
s7_busy,0.2,0.017099759466767,fine,1,0.051084,0,1419,0.148176,0.976830865658898,0
s7_busy,0.2,0.02,coarse,1,0.0513,0,1425,0.164934,0.97530546963555,0
s7_busy,0.2,0.0223606797749979,fine,1,0.051804,0,1439,0.178164,0.970874983589955,1
s7_busy,0.2,0.0292401773821287,fine,1,0.051336,0,1426,0.210672,0.960310174166006,0
s7_busy,0.2,0.0382362245665865,fine,1,0.04842,0,1345,0.253386,0.970111435251721,0
s7_busy,0.2,0.05,coarse,1,0.042696,0,1186,0.309877,0.967983373706232,0
s7_busy,0.2,0.1,coarse,1,0.0171,0,475,0.514773,0.938383796373316,0
s7_busy,0.2,0.2,coarse,1,0.00108,0,30,0.628866,0.45,0
sf_cf,0.4,0.025,coarse,1,0.369198,0,4558,0.260647,0.987103217591273,1
sf_cb,0.4,0.025,coarse,1,0.134865,0,1665,0.213199,0.975187845614825,1
sb_cf,0.4,1e-05,coarse,1,0.003807,0,47,0,0.581315789473684,0
sb_cf,0.4,1.94876784266975e-05,coarse,1,0.008019,0,99,0.000126,0.727077151335312,0
sb_cf,0.4,3.79769610462371e-05,coarse,1,0.014418,0,178,0.000369,0.835548523206751,0
sb_cf,0.4,7.40082804492285e-05,coarse,1,0.026487,0,327,0.000648,0.869907256752359,0
sb_cf,0.4,0.000144224957030741,coarse,1,0.048438,0,598,0.003501,0.939086134453782,0
sb_cf,0.4,0.000281060958371934,coarse,1,0.082458,0,1018,0.012726,0.967514377474046,0
sb_cf,0.4,0.000547722557505166,coarse,1,0.137619,0,1699,0.039681,0.974347195031391,0
sb_cf,0.4,0.001,coarse,1,0.186514,0,2303,0.110673,0.986256071346221,0
sb_cf,0.4,0.0010673841067709,coarse,1,0.191212,0,2361,0.123714,0.987353428792076,0
sb_cf,0.4,0.00126800457078559,fine,1,0.201418,0,2487,0.159588,0.984328987656836,0
sb_cf,0.4,0.00150633270753604,fine,1,0.206521,0,2550,0.204435,0.985466173617847,1
sb_cf,0.4,0.00178945587269223,fine,1,0.202905,0,2505,0.262546,0.985467745886965,0
sb_cf,0.4,0.0020800838230519,coarse,1,0.192537,0,2377,0.320857,0.98205043973998,0
sb_cf,0.4,0.00212579352774632,fine,1,0.18954,0,2340,0.331225,0.983362786086807,0
sb_cf,0.4,0.0025253476163172,fine,1,0.174474,0,2154,0.400588,0.981792558234019,0
sb_cf,0.4,0.003,coarse,1,0.154467,0,1907,0.480562,0.982931239526461,0
sb_cf,0.4,0.0040536004644211,coarse,1,0.112671,0,1391,0.620269,0.971813661476645,0
sb_cf,0.4,0.00789952623209501,coarse,1,0.024219,0,299,0.881935,0.896520256718813,0
sb_cf,0.4,0.01,coarse,1,0.009558,0,118,0.935272,0.777008928571429,0
sb_cf,0.4,0.0153943426934329,coarse,1,0.00081,0,10,0.982531,0.25,0
sb_cf,0.4,0.03,coarse,1,0,0,0,0.998038,NaN,0
sb_cf,0.4,0.03,coarse,1,0,0,0,0.998038,NaN,0
sb_cb,0.4,1e-05,coarse,1,0.002754,0,34,0,0.4515625,0
sb_cb,0.4,1.77827941003892e-05,coarse,1,0.004617,0,57,1.8e-05,0.552551020408163,0
sb_cb,0.4,3.16227766016838e-05,coarse,1,0.009801,0,121,5.4e-05,0.773837209302326,0
sb_cb,0.4,5.62341325190349e-05,coarse,1,0.017982,0,222,9.9e-05,0.841598360655738,0
sb_cb,0.4,0.0001,coarse,1,0.031266,0,386,0.000387,0.896701974000963,0
sb_cb,0.4,0.000177827941003892,coarse,1,0.052045,0,643,0.000846,0.94042625784733,0
sb_cb,0.4,0.000316227766016838,coarse,1,0.078208,0,966,0.002403,0.965120800926692,0
sb_cb,0.4,0.000562341325190349,coarse,1,0.109555,0,1353,0.006282,0.976241494059174,0
sb_cb,0.4,0.001,coarse,1,0.143818,0,1776,0.015876,0.976283273492633,0
sb_cb,0.4,0.00177827941003892,coarse,1,0.169371,0,2091,0.033174,0.986872861386228,0
sb_cb,0.4,0.00195734178148766,fine,1,0.172125,0,2125,0.0387,0.983804869759214,0
sb_cb,0.4,0.00215443469003188,fine,1,0.174474,0,2154,0.044397,0.985462686059947,0
sb_cb,0.4,0.00237137370566166,fine,1,0.177309,0,2189,0.050805,0.987617173007956,0
sb_cb,0.4,0.00261015721568254,fine,1,0.178929,0,2209,0.056007,0.985738382475335,0
sb_cb,0.4,0.00287298483335367,fine,1,0.181359,0,2239,0.063522,0.982849272634592,0
sb_cb,0.4,0.003,coarse,1,0.181926,0,2246,0.066609,0.980385739606331,1
sb_cb,0.4,0.00316227766016838,coarse,1,0.181683,0,2243,0.070569,0.983972032075103,0
sb_cb,0.4,0.00562341325190349,coarse,1,0.165402,0,2042,0.144027,0.976452350175163,0
sb_cb,0.4,0.01,coarse,1,0.126036,0,1556,0.261711,0.967463717153635,0
s7_clean,0.4,0.001,coarse,1,0.161271,0,1991,0.002142,0.986060366357223,0
s7_clean,0.4,0.003,coarse,1,0.224908,0,2777,0.010962,0.977509519391165,0
s7_clean,0.4,0.005,coarse,1,0.241866,0,2986,0.020664,0.983476285020957,0
s7_clean,0.4,0.00600468477588001,fine,1,0.245743,0,3034,0.025452,0.986982981935462,0
s7_clean,0.4,0.00721124785153704,fine,1,0.247212,0,3052,0.032949,0.987488656506289,0
s7_clean,0.4,0.00866025403784439,fine,1,0.248751,0,3071,0.03906,0.985129734472601,0
s7_clean,0.4,0.009,coarse,1,0.248751,0,3071,0.040761,0.983313766541411,0
s7_clean,0.4,0.0104004191152595,fine,1,0.248994,0,3074,0.047061,0.982380215740579,1
s7_clean,0.4,0.0124902476648341,fine,1,0.246159,0,3039,0.060291,0.985054993579105,0
s7_clean,0.4,0.015,coarse,1,0.243972,0,3012,0.072072,0.986016868098426,0
s7_clean,0.4,0.025,coarse,1,0.226476,0,2796,0.12348,0.988200673496011,0
s7_clean,0.4,0.05,coarse,1,0.168156,0,2076,0.261387,0.979601411063025,0
s7_clean,0.4,0.1,coarse,1,0.064557,0,797,0.493794,0.960981845688351,0
s7_clean,0.4,0.2,coarse,1,0.003969,0,49,0.627604,0.504411764705882,0
s7_clean,0.4,0.4,coarse,1,0,0,0,0.636363,NaN,0
s7_clean,0.4,0.6,coarse,1,0,0,0,0.636363,NaN,0
s7_clean,0.4,0.8,coarse,1,0,0,0,0.636363,NaN,0
s7_clean,0.4,1,coarse,1,0,0,0,0.318213,NaN,0
s7_busy,0.4,0.0001,coarse,1,0.002187,0,27,0.052227,0.371938775510204,0
s7_busy,0.4,0.0003,coarse,1,0.006723,0,83,0.052731,0.686155378486056,0
s7_busy,0.4,0.0005,coarse,1,0.011097,0,137,0.05355,0.854690346083789,0
s7_busy,0.4,0.001,coarse,1,0.021141,0,261,0.056385,0.894915922228061,0
s7_busy,0.4,0.003,coarse,1,0.047142,0,582,0.067284,0.936322423706325,0
s7_busy,0.4,0.005,coarse,1,0.065043,0,803,0.076293,0.953013597398758,0
s7_busy,0.4,0.01,coarse,1,0.086002,0,1062,0.100485,0.97147533076075,0
s7_busy,0.4,0.0130766048601183,fine,1,0.093312,0,1152,0.115353,0.967333372208292,0
s7_busy,0.4,0.017099759466767,fine,1,0.098982,0,1222,0.134757,0.965701795229965,0
s7_busy,0.4,0.02,coarse,1,0.103356,0,1276,0.147735,0.964833601972125,0
s7_busy,0.4,0.0223606797749979,fine,1,0.104247,0,1287,0.158004,0.959902292589073,0
s7_busy,0.4,0.0292401773821287,fine,1,0.104733,0,1293,0.187135,0.966721984503296,1
s7_busy,0.4,0.0382362245665865,fine,1,0.101655,0,1255,0.22554,0.96729370869875,0
s7_busy,0.4,0.05,coarse,1,0.090882,0,1122,0.281862,0.970881663376111,0
s7_busy,0.4,0.1,coarse,1,0.039123,0,483,0.494863,0.91543321299639,0
s7_busy,0.4,0.2,coarse,1,0.003321,0,41,0.625716,0.591901408450704,0
sf_cf,0.6,0.025,coarse,1,0.383175,0,3275,0.259506,0.99091506250947,1
sf_cb,0.6,0.025,coarse,1,0.180414,0,1542,0.220552,0.97203944141021,1
sb_cf,0.6,1e-05,coarse,1,0.00468,0,40,0,0.555555555555556,0
sb_cf,0.6,1.94876784266975e-05,coarse,1,0.008775,0,75,0.000126,0.685975609756098,0
sb_cf,0.6,3.79769610462371e-05,coarse,1,0.019188,0,164,0.000477,0.794799054373522,0
sb_cf,0.6,7.40082804492285e-05,coarse,1,0.032526,0,278,0.001341,0.86331546023235,0
sb_cf,0.6,0.000144224957030741,coarse,1,0.063063,0,539,0.006372,0.930322146791341,0
sb_cf,0.6,0.000281060958371934,coarse,1,0.107991,0,923,0.024381,0.971678680596743,0
sb_cf,0.6,0.000547722557505166,coarse,1,0.160758,0,1374,0.080559,0.972410169770892,0
sb_cf,0.6,0.001,coarse,1,0.193752,0,1656,0.197742,0.976949384404925,0
sb_cf,0.6,0.0010673841067709,coarse,1,0.193869,0,1657,0.220053,0.97814356964731,0
sb_cf,0.6,0.00112983096390975,fine,1,0.195273,0,1669,0.236943,0.977623081998512,1
sb_cf,0.6,0.00127651800700924,fine,1,0.189657,0,1621,0.282762,0.975932982721992,0
sb_cf,0.6,0.00144224957030741,fine,1,0.188019,0,1607,0.325683,0.980086302430434,0
sb_cf,0.6,0.00162949822221885,fine,1,0.178308,0,1524,0.376173,0.979857571973404,0
sb_cf,0.6,0.00184105754709875,fine,1,0.163098,0,1394,0.4314,0.972395916733387,0
sb_cf,0.6,0.0020800838230519,coarse,1,0.145548,0,1244,0.493329,0.971972666063712,0
sb_cf,0.6,0.003,coarse,1,0.093483,0,799,0.663669,0.952666686563601,0
sb_cf,0.6,0.0040536004644211,coarse,1,0.050661,0,433,0.79138,0.930928500496524,0
sb_cf,0.6,0.00789952623209501,coarse,1,0.005265,0,45,0.957835,0.544354838709677,0
sb_cf,0.6,0.01,coarse,1,0.00117,0,10,0.98083,0.178571428571429,0
sb_cf,0.6,0.0153943426934329,coarse,1,0,0,0,0.995734,NaN,0
sb_cf,0.6,0.03,coarse,1,0,0,0,0.999622,NaN,0
sb_cf,0.6,0.03,coarse,1,0,0,0,0.999622,NaN,0
sb_cb,0.6,1e-05,coarse,1,0.005499,0,47,1.8e-05,0.506651376146789,0
sb_cb,0.6,1.77827941003892e-05,coarse,1,0.010062,0,86,1.8e-05,0.646503496503496,0
sb_cb,0.6,3.16227766016838e-05,coarse,1,0.017082,0,146,1.8e-05,0.746358543417367,0
sb_cb,0.6,5.62341325190349e-05,coarse,1,0.027963,0,239,0.000126,0.894192235441453,0
sb_cb,0.6,0.0001,coarse,1,0.0468,0,400,0.00036,0.93764650726676,0
sb_cb,0.6,0.000177827941003892,coarse,1,0.075582,0,646,0.000801,0.955568785491848,0
sb_cb,0.6,0.000316227766016838,coarse,1,0.110212,0,942,0.00234,0.966880230125523,0
sb_cb,0.6,0.000562341325190349,coarse,1,0.152451,0,1303,0.006255,0.97002136800969,0
sb_cb,0.6,0.001,coarse,1,0.194571,0,1663,0.015363,0.972217183435281,0
sb_cb,0.6,0.00177827941003892,coarse,1,0.227916,0,1948,0.033147,0.976164800790254,0
sb_cb,0.6,0.00195734178148766,fine,1,0.229671,0,1963,0.039393,0.97685211474695,0
sb_cb,0.6,0.00215443469003188,fine,1,0.232596,0,1988,0.044991,0.977692018444853,0
sb_cb,0.6,0.00237137370566166,fine,1,0.233883,0,1999,0.051984,0.985839295406326,0
sb_cb,0.6,0.00261015721568254,fine,1,0.235404,0,2012,0.059274,0.979326495064834,1
sb_cb,0.6,0.00287298483335367,fine,1,0.234117,0,2001,0.067896,0.97074221515366,0
sb_cb,0.6,0.003,coarse,1,0.233766,0,1998,0.071514,0.97255886021673,0
sb_cb,0.6,0.00316227766016838,coarse,1,0.232128,0,1984,0.076662,0.965147116516281,0
sb_cb,0.6,0.00562341325190349,coarse,1,0.211068,0,1804,0.155682,0.969776866596739,0
sb_cb,0.6,0.01,coarse,1,0.143325,0,1225,0.283509,0.965032154340836,0
s7_clean,0.6,0.001,coarse,1,0.213174,0,1822,0.002205,0.978726590876928,0
s7_clean,0.6,0.003,coarse,1,0.295045,0,2522,0.010395,0.985107424294989,0
s7_clean,0.6,0.005,coarse,1,0.316485,0,2705,0.016947,0.989594885555237,0
s7_clean,0.6,0.00600468477588001,fine,1,0.319957,0,2735,0.022743,0.989128508788169,0
s7_clean,0.6,0.00721124785153704,fine,1,0.321633,0,2749,0.029421,0.989825506766492,0
s7_clean,0.6,0.00866025403784439,fine,1,0.323505,0,2765,0.035154,0.990945654484464,0
s7_clean,0.6,0.009,coarse,1,0.323739,0,2767,0.036477,0.99116695924148,0
s7_clean,0.6,0.0104004191152595,fine,1,0.325096,0,2779,0.041013,0.990651408721709,1
s7_clean,0.6,0.0124902476648341,fine,1,0.323037,0,2761,0.051471,0.989106250356815,0
s7_clean,0.6,0.015,coarse,1,0.319768,0,2734,0.062559,0.984183555237212,0
s7_clean,0.6,0.025,coarse,1,0.29761,0,2544,0.111636,0.975888441216917,0
s7_clean,0.6,0.05,coarse,1,0.2223,0,1900,0.249858,0.978892793613606,0
s7_clean,0.6,0.1,coarse,1,0.086697,0,741,0.486675,0.952141568981064,0
s7_clean,0.6,0.2,coarse,1,0.006201,0,53,0.625705,0.610652173913043,0
s7_clean,0.6,0.4,coarse,1,0.000117,0,1,0.636174,0.025,0
s7_clean,0.6,0.6,coarse,1,0,0,0,0.636363,NaN,0
s7_clean,0.6,0.8,coarse,1,0,0,0,0.636363,NaN,0
s7_clean,0.6,1,coarse,1,0,0,0,0.318213,NaN,0
s7_busy,0.6,0.0001,coarse,1,0.002574,0,22,0.048573,0.275,0
s7_busy,0.6,0.0003,coarse,1,0.008073,0,69,0.050022,0.553604651162791,0
s7_busy,0.6,0.0005,coarse,1,0.013455,0,115,0.050967,0.704957356076759,0
s7_busy,0.6,0.001,coarse,1,0.024453,0,209,0.053739,0.856490196078431,0
s7_busy,0.6,0.003,coarse,1,0.058032,0,496,0.063756,0.924594107035478,0
s7_busy,0.6,0.005,coarse,1,0.077337,0,661,0.073206,0.950737662111585,0
s7_busy,0.6,0.01,coarse,1,0.113373,0,969,0.095193,0.955977397678681,0
s7_busy,0.6,0.0130766048601183,fine,1,0.124254,0,1062,0.106911,0.960161411155758,0
s7_busy,0.6,0.017099759466767,fine,1,0.133263,0,1139,0.124576,0.96209026727181,0
s7_busy,0.6,0.02,coarse,1,0.137709,0,1177,0.135261,0.9602469015998,0
s7_busy,0.6,0.0223606797749979,fine,1,0.139698,0,1194,0.146034,0.963632185151138,1
s7_busy,0.6,0.0292401773821287,fine,1,0.138294,0,1182,0.174258,0.963480635551142,0
s7_busy,0.6,0.0382362245665865,fine,1,0.132912,0,1136,0.218547,0.965708812260536,0
s7_busy,0.6,0.05,coarse,1,0.123318,0,1054,0.266553,0.970266210173281,0
s7_busy,0.6,0.1,coarse,1,0.051597,0,441,0.490165,0.911344892221181,0
s7_busy,0.6,0.2,coarse,1,0.003744,0,32,0.626623,0.457142857142857,0
sf_cf,1,0.025,coarse,1,0.371032,0,1874,0.263736,0.981629025044723,1
sf_cb,1,0.025,coarse,1,0.264706,0,1337,0.200376,0.970934994677037,1
sb_cf,1,1e-05,coarse,1,0.008118,0,41,0.000315,0.560333333333333,0
sb_cf,1,1.94876784266975e-05,coarse,1,0.01485,0,75,0.001575,0.76844262295082,0
sb_cf,1,3.79769610462371e-05,coarse,1,0.027126,0,137,0.00333,0.758037156704362,0
sb_cf,1,7.40082804492285e-05,coarse,1,0.059004,0,298,0.005715,0.892323151125402,0
sb_cf,1,0.000144224957030741,coarse,1,0.104148,0,526,0.019449,0.939796195652174,0
sb_cf,1,0.000281060958371934,coarse,1,0.152658,0,771,0.062496,0.961069973485093,0
sb_cf,1,0.000347269868289047,fine,1,0.165924,0,838,0.088398,0.960925013683634,0
sb_cf,1,0.000429075465052332,fine,1,0.185724,0,938,0.118566,0.95793484888076,0
sb_cf,1,0.000530151825774404,fine,1,0.190476,0,962,0.167274,0.954065979381443,0
sb_cf,1,0.000547722557505166,coarse,1,0.191664,0,968,0.176004,0.956381154568466,0
sb_cf,1,0.000655038521807941,fine,1,0.194238,0,981,0.219796,0.953021390374332,1
sb_cf,1,0.000809344501314453,fine,1,0.192258,0,971,0.291031,0.941447657466949,0
sb_cf,1,0.001,coarse,1,0.177012,0,894,0.388393,0.939305189921023,0
sb_cf,1,0.0010673841067709,coarse,1,0.172656,0,872,0.414772,0.943030062506201,0
sb_cf,1,0.0020800838230519,coarse,1,0.064152,0,324,0.74602,0.895088676671214,0
sb_cf,1,0.003,coarse,1,0.02178,0,110,0.880228,0.752487562189055,0
sb_cf,1,0.0040536004644211,coarse,1,0.007128,0,36,0.943534,0.45,0
sb_cf,1,0.00789952623209501,coarse,1,0,0,0,0.993943,NaN,0
sb_cf,1,0.01,coarse,1,0,0,0,0.997498,NaN,0
sb_cf,1,0.0153943426934329,coarse,1,0,0,0,0.999811,NaN,0
sb_cf,1,0.03,coarse,1,0,0,0,0.999991,NaN,0
sb_cf,1,0.03,coarse,1,0,0,0,0.999991,NaN,0
sb_cb,1,1e-05,coarse,1,0.009306,0,47,0,0.606868131868132,0
sb_cb,1,1.77827941003892e-05,coarse,1,0.015048,0,76,0,0.76,0
sb_cb,1,3.16227766016838e-05,coarse,1,0.025146,0,127,1.8e-05,0.81790060851927,0
sb_cb,1,5.62341325190349e-05,coarse,1,0.044946,0,227,0.000126,0.910406360424028,0
sb_cb,1,0.0001,coarse,1,0.071478,0,361,0.000324,0.913892005610098,0
sb_cb,1,0.000177827941003892,coarse,1,0.113652,0,574,0.000927,0.941790532815001,0
sb_cb,1,0.000316227766016838,coarse,1,0.166914,0,843,0.002754,0.963200054215234,0
sb_cb,1,0.000562341325190349,coarse,1,0.228888,0,1156,0.00657,0.962611652163891,0
sb_cb,1,0.001,coarse,1,0.284724,0,1438,0.015399,0.97129302570269,0
sb_cb,1,0.001200936955176,fine,1,0.29502,0,1490,0.021186,0.971546352051533,0
sb_cb,1,0.00144224957030741,fine,1,0.31086,0,1570,0.025947,0.972270432313032,0
sb_cb,1,0.00173205080756888,fine,1,0.32274,0,1630,0.034506,0.97285283262054,0
sb_cb,1,0.00177827941003892,coarse,1,0.323136,0,1632,0.037683,0.968743271161288,0
sb_cb,1,0.0020800838230519,fine,1,0.3267,0,1650,0.047763,0.972099234460695,0
sb_cb,1,0.00249804953296681,fine,1,0.328453,0,1659,0.063774,0.978053261503035,1
sb_cb,1,0.003,coarse,1,0.320335,0,1618,0.081342,0.978092775801775,0
sb_cb,1,0.00316227766016838,coarse,1,0.318355,0,1608,0.089595,0.981112831253984,0
sb_cb,1,0.00562341325190349,coarse,1,0.268884,0,1358,0.185652,0.967679036185039,0
sb_cb,1,0.01,coarse,1,0.157014,0,793,0.333457,0.937740829108261,0
s7_clean,1,0.001,coarse,1,0.319984,0,1617,0.002079,0.970603367633302,0
s7_clean,1,0.003,coarse,1,0.41623,0,2103,0.007938,0.986159324634088,0
s7_clean,1,0.005,coarse,1,0.437976,0,2212,0.015687,0.985876398336503,0
s7_clean,1,0.00600468477588001,fine,1,0.442926,0,2237,0.019278,0.985188998700634,0
s7_clean,1,0.00721124785153704,fine,1,0.447748,0,2262,0.023058,0.982926585624491,0
s7_clean,1,0.00866025403784439,fine,1,0.448866,0,2267,0.028294,0.980099511026691,0
s7_clean,1,0.009,coarse,1,0.449017,0,2268,0.029547,0.981885651456844,0
s7_clean,1,0.0104004191152595,fine,1,0.450252,0,2274,0.032634,0.984681768326123,1
s7_clean,1,0.0124902476648341,fine,1,0.447478,0,2260,0.04158,0.986464980454567,0
s7_clean,1,0.015,coarse,1,0.442134,0,2233,0.052794,0.982458051906087,0
s7_clean,1,0.025,coarse,1,0.419335,0,2118,0.091098,0.981070228847365,0
s7_clean,1,0.05,coarse,1,0.325314,0,1643,0.217665,0.970619813315307,0
s7_clean,1,0.1,coarse,1,0.139392,0,704,0.457945,0.950475606014115,0
s7_clean,1,0.2,coarse,1,0.008316,0,42,0.625716,0.537804878048781,0
s7_clean,1,0.4,coarse,1,0.000198,0,1,0.636111,0.025,0
s7_clean,1,0.6,coarse,1,0,0,0,0.636363,NaN,0
s7_clean,1,0.8,coarse,1,0,0,0,0.636363,NaN,0
s7_clean,1,1,coarse,1,0,0,0,0.318213,NaN,0
s7_busy,1,0.0001,coarse,1,0.002574,0,13,0.037737,0.222368421052632,0
s7_busy,1,0.0003,coarse,1,0.007524,0,38,0.038923,0.530882352941176,0
s7_busy,1,0.0005,coarse,1,0.013266,0,67,0.03969,0.680151515151515,0
s7_busy,1,0.001,coarse,1,0.026532,0,134,0.042777,0.831296296296296,0
s7_busy,1,0.003,coarse,1,0.079596,0,402,0.050148,0.921555656934307,0
s7_busy,1,0.005,coarse,1,0.11187,0,565,0.057787,0.91030284019619,0
s7_busy,1,0.01,coarse,1,0.154638,0,781,0.07623,0.939731620139274,0
s7_busy,1,0.0130766048601183,fine,1,0.17028,0,860,0.089775,0.951229550365264,0
s7_busy,1,0.017099759466767,fine,1,0.182358,0,921,0.104454,0.945895222802087,0
s7_busy,1,0.02,coarse,1,0.189288,0,956,0.116046,0.958084535390808,0
s7_busy,1,0.0223606797749979,fine,1,0.194238,0,981,0.123291,0.972749969676141,0
s7_busy,1,0.0292401773821287,fine,1,0.20014,0,1011,0.148428,0.964010450069793,1
s7_busy,1,0.0382362245665865,fine,1,0.197208,0,996,0.181818,0.963496503496504,0
s7_busy,1,0.05,coarse,1,0.18117,0,915,0.236754,0.951175869120654,0
s7_busy,1,0.1,coarse,1,0.085932,0,434,0.459853,0.912223944207671,0
s7_busy,1,0.2,coarse,1,0.004554,0,23,0.626983,0.322560975609756,0
sf_cf,2,0.025,coarse,1,0.371052,0,937,0.2653,0.968333921559977,1
sf_cb,2,0.025,coarse,1,0.42372,0,1070,0.145332,0.967172399810772,1
sb_cf,2,1e-05,coarse,1,0.018216,0,46,0.000486,0.645121951219512,0
sb_cf,2,1.94876784266975e-05,coarse,1,0.03762,0,95,0.000963,0.673507462686567,0
sb_cf,2,3.79769610462371e-05,coarse,1,0.065736,0,166,0.002754,0.795496535796767,0
sb_cf,2,7.40082804492285e-05,coarse,1,0.108504,0,274,0.018063,0.88449575871819,0
sb_cf,2,0.000144224957030741,coarse,1,0.160776,0,406,0.071136,0.906489221293445,0
sb_cf,2,0.000180147035497265,fine,1,0.170676,0,431,0.111402,0.913279252704031,0
sb_cf,2,0.000225016218181544,fine,1,0.177012,0,447,0.157671,0.918408714837286,0
sb_cf,2,0.000281060958371934,coarse,1,0.179784,0,454,0.214317,0.926780575539568,1
sb_cf,2,0.000351064749729357,fine,1,0.177012,0,447,0.280575,0.905096031889835,0
sb_cf,2,0.000438504370071353,fine,1,0.173448,0,438,0.357579,0.928037925696594,0
sb_cf,2,0.000547722557505166,coarse,1,0.159984,0,404,0.446301,0.936730945821855,0
sb_cf,2,0.001,coarse,1,0.076824,0,194,0.72786,0.832654867256637,0
sb_cf,2,0.0010673841067709,coarse,1,0.061776,0,156,0.761853,0.833424657534247,0
sb_cf,2,0.0020800838230519,coarse,1,0.003168,0,8,0.957556,0.2,0
sb_cf,2,0.003,coarse,1,0.001584,0,4,0.984727,0.0666666666666667,0
sb_cf,2,0.0040536004644211,coarse,1,0.000396,0,1,0.996337,0.025,0
sb_cf,2,0.00789952623209501,coarse,1,0,0,0,0.999937,NaN,0
sb_cf,2,0.01,coarse,1,0,0,0,0.999991,NaN,0
sb_cf,2,0.0153943426934329,coarse,1,0,0,0,1,NaN,0
sb_cf,2,0.03,coarse,1,0,0,0,1,NaN,0
sb_cf,2,0.03,coarse,1,0,0,0,1,NaN,0
sb_cb,2,1e-05,coarse,1,0.017028,0,43,0,0.51938202247191,0
sb_cb,2,1.77827941003892e-05,coarse,1,0.026532,0,67,1.8e-05,0.656286549707602,0
sb_cb,2,3.16227766016838e-05,coarse,1,0.049104,0,124,1.8e-05,0.753725490196078,0
sb_cb,2,5.62341325190349e-05,coarse,1,0.084348,0,213,9e-05,0.82609249817917,0
sb_cb,2,0.0001,coarse,1,0.140184,0,354,0.000279,0.895626072041166,0
sb_cb,2,0.000177827941003892,coarse,1,0.20592,0,520,0.000621,0.929337365960957,0
sb_cb,2,0.000316227766016838,coarse,1,0.288288,0,728,0.003186,0.957202716370467,0
sb_cb,2,0.000562341325190349,coarse,1,0.372636,0,941,0.006471,0.973013274141796,0
sb_cb,2,0.001,coarse,1,0.433834,0,1096,0.020853,0.960788328640901,0
sb_cb,2,0.001200936955176,fine,1,0.450862,0,1139,0.029412,0.967370328392042,0
sb_cb,2,0.00144224957030741,fine,1,0.46134,0,1165,0.03708,0.973144377204807,1
sb_cb,2,0.00173205080756888,fine,1,0.45738,0,1155,0.056844,0.970030685553067,0
sb_cb,2,0.00177827941003892,coarse,1,0.458964,0,1159,0.058905,0.963754484144067,0
sb_cb,2,0.0020800838230519,fine,1,0.458964,0,1159,0.065988,0.965472357185982,0
sb_cb,2,0.00249804953296681,fine,1,0.458172,0,1157,0.086004,0.960265846030243,0
sb_cb,2,0.003,coarse,1,0.429604,0,1085,0.12393,0.959308484631181,0
sb_cb,2,0.00316227766016838,coarse,1,0.427284,0,1079,0.130338,0.951394926944072,0
sb_cb,2,0.00562341325190349,coarse,1,0.311652,0,787,0.262186,0.931718214092304,0
sb_cb,2,0.01,coarse,1,0.148021,0,374,0.445896,0.844661835748792,0
s7_clean,2,0.001,coarse,1,0.476388,0,1203,0.00126,0.967308103628051,0
s7_clean,2,0.003,coarse,1,0.586312,0,1481,0.006048,0.976128615932354,0
s7_clean,2,0.005,coarse,1,0.61182,0,1545,0.009198,0.971267150599762,0
s7_clean,2,0.00600468477588001,fine,1,0.615256,0,1554,0.011655,0.979507106236615,0
s7_clean,2,0.00721124785153704,fine,1,0.618948,0,1563,0.014679,0.980057207503571,0
s7_clean,2,0.00866025403784439,fine,1,0.619837,0,1566,0.018585,0.973991993136975,0
s7_clean,2,0.009,coarse,1,0.620532,0,1567,0.019215,0.973643118844074,1
s7_clean,2,0.0104004191152595,fine,1,0.619855,0,1566,0.022869,0.978375143623133,0
s7_clean,2,0.0124902476648341,fine,1,0.617364,0,1559,0.028413,0.97938500346545,0
s7_clean,2,0.015,coarse,1,0.6145,0,1552,0.034902,0.973103648880127,0
s7_clean,2,0.025,coarse,1,0.588202,0,1486,0.065835,0.972979308400014,0
s7_clean,2,0.05,coarse,1,0.495396,0,1251,0.159327,0.976343797569436,0
s7_clean,2,0.1,coarse,1,0.253836,0,641,0.393057,0.951906681493838,0
s7_clean,2,0.2,coarse,1,0.019404,0,49,0.617778,0.458206106870229,0
s7_clean,2,0.4,coarse,1,0,0,0,0.636363,NaN,0
s7_clean,2,0.6,coarse,1,0,0,0,0.636363,NaN,0
s7_clean,2,0.8,coarse,1,0,0,0,0.636363,NaN,0
s7_clean,2,1,coarse,1,0,0,0,0.318213,NaN,0
s7_busy,2,0.0001,coarse,1,0.00594,0,15,0.024129,0.193965517241379,0
s7_busy,2,0.0003,coarse,1,0.015048,0,38,0.025515,0.419767441860465,0
s7_busy,2,0.0005,coarse,1,0.024948,0,63,0.02646,0.587130177514793,0
s7_busy,2,0.001,coarse,1,0.043164,0,109,0.028476,0.705522565320665,0
s7_busy,2,0.003,coarse,1,0.103356,0,261,0.035406,0.88653045288912,0
s7_busy,2,0.005,coarse,1,0.151272,0,382,0.041895,0.878213769860376,0
s7_busy,2,0.01,coarse,1,0.215278,0,544,0.058086,0.923876123876124,0
s7_busy,2,0.0130766048601183,fine,1,0.246312,0,622,0.065646,0.933960988798764,0
s7_busy,2,0.017099759466767,fine,1,0.267037,0,675,0.080262,0.94756051909159,0
s7_busy,2,0.02,coarse,1,0.280132,0,708,0.088893,0.956464661883682,0
s7_busy,2,0.0223606797749979,fine,1,0.28512,0,720,0.097713,0.951402143591249,0
s7_busy,2,0.0292401773821287,fine,1,0.298188,0,753,0.119637,0.956170320404722,1
s7_busy,2,0.0382362245665865,fine,1,0.293436,0,741,0.152649,0.946495552644281,0
s7_busy,2,0.05,coarse,1,0.274428,0,693,0.194355,0.954010727056019,0
s7_busy,2,0.1,coarse,1,0.150876,0,381,0.419643,0.879763636363636,0
s7_busy,2,0.2,coarse,1,0.012276,0,31,0.619227,0.421491228070175,0
sf_cf,3,0.025,coarse,1,0.37618,0,634,0.259578,0.927362495385751,1
sf_cb,3,0.025,coarse,1,0.526284,0,886,0.128304,0.954797119782038,1
sb_cf,3,1e-05,coarse,1,0.019602,0,33,0,0.418846153846154,0
sb_cf,3,1.94876784266975e-05,coarse,1,0.04158,0,70,0.001935,0.625,0
sb_cf,3,3.79769610462371e-05,coarse,1,0.07722,0,130,0.009801,0.762635379061372,0
sb_cf,3,7.40082804492285e-05,coarse,1,0.125928,0,212,0.039456,0.834769687964339,0
sb_cf,3,0.000144224957030741,coarse,1,0.187704,0,316,0.110574,0.892846924177396,0
sb_cf,3,0.000180147035497265,fine,1,0.200772,0,338,0.155817,0.903829113924051,0
sb_cf,3,0.000225016218181544,fine,1,0.205524,0,346,0.219069,0.957421625079974,1
sb_cf,3,0.000281060958371934,coarse,1,0.194832,0,328,0.292545,0.947709654686399,0
sb_cf,3,0.000351064749729357,fine,1,0.177012,0,298,0.389133,0.921203319502075,0
sb_cf,3,0.000438504370071353,fine,1,0.137808,0,232,0.507481,0.871502590673575,0
sb_cf,3,0.000547722557505166,coarse,1,0.102168,0,172,0.62548,0.812747252747253,0
sb_cf,3,0.001,coarse,1,0.0297,0,50,0.869914,0.452898550724638,0
sb_cf,3,0.0010673841067709,coarse,1,0.024354,0,41,0.889921,0.408009708737864,0
sb_cf,3,0.0020800838230519,coarse,1,0.000594,0,1,0.988165,0.025,0
sb_cf,3,0.003,coarse,1,0,0,0,0.99685,NaN,0
sb_cf,3,0.0040536004644211,coarse,1,0,0,0,0.999856,NaN,0
sb_cf,3,0.00789952623209501,coarse,1,0,0,0,1,NaN,0
sb_cf,3,0.01,coarse,1,0,0,0,1,NaN,0
sb_cf,3,0.0153943426934329,coarse,1,0,0,0,1,NaN,0
sb_cf,3,0.03,coarse,1,0,0,0,1,NaN,0
sb_cf,3,0.03,coarse,1,0,0,0,1,NaN,0
sb_cb,3,1e-05,coarse,1,0.021978,0,37,0,0.580084745762712,0
sb_cb,3,1.77827941003892e-05,coarse,1,0.038016,0,64,0,0.656410256410256,0
sb_cb,3,3.16227766016838e-05,coarse,1,0.070686,0,119,3.6e-05,0.745315789473684,0
sb_cb,3,5.62341325190349e-05,coarse,1,0.120337,0,203,0.000144,0.847921810699588,0
sb_cb,3,0.0001,coarse,1,0.188053,0,317,0.000288,0.89434852260591,0
sb_cb,3,0.000177827941003892,coarse,1,0.271458,0,457,0.001242,0.950523393409794,0
sb_cb,3,0.000316227766016838,coarse,1,0.376002,0,633,0.003357,0.948331439931838,0
sb_cb,3,0.000562341325190349,coarse,1,0.464749,0,783,0.008352,0.965616140616141,0
sb_cb,3,0.001,coarse,1,0.521532,0,878,0.032004,0.959097242958097,0
sb_cb,3,0.001200936955176,fine,1,0.541134,0,911,0.040806,0.960868105404529,0
sb_cb,3,0.00144224957030741,fine,1,0.548262,0,923,0.045234,0.961501738070516,1
sb_cb,3,0.00173205080756888,fine,1,0.539352,0,908,0.063324,0.950807270043362,0
sb_cb,3,0.00177827941003892,coarse,1,0.535788,0,902,0.071271,0.947726213773181,0
sb_cb,3,0.0020800838230519,fine,1,0.512028,0,862,0.097974,0.962691749585406,0
sb_cb,3,0.00249804953296681,fine,1,0.482328,0,812,0.134602,0.956458164094232,0
sb_cb,3,0.003,coarse,1,0.475788,0,800,0.165096,0.94921689606075,0
sb_cb,3,0.00316227766016838,coarse,1,0.458562,0,771,0.182061,0.952324575456584,0
sb_cb,3,0.00562341325190349,coarse,1,0.293436,0,494,0.351972,0.899572397522855,0
sb_cb,3,0.01,coarse,1,0.137808,0,232,0.521899,0.868129032258064,0
s7_clean,3,0.001,coarse,1,0.576241,0,971,0.001449,0.951403632694248,0
s7_clean,3,0.003,coarse,1,0.679831,0,1145,0.004851,0.961302976976096,0
s7_clean,3,0.005,coarse,1,0.699732,0,1178,0.009261,0.95612666740161,0
s7_clean,3,0.00600468477588001,fine,1,0.705078,0,1187,0.010521,0.968203870152002,0
s7_clean,3,0.00721124785153704,fine,1,0.706266,0,1189,0.013482,0.968275526697899,0
s7_clean,3,0.00866025403784439,fine,1,0.708199,0,1193,0.015309,0.966592187117981,0
s7_clean,3,0.009,coarse,1,0.708379,0,1193,0.015939,0.966224711473184,0
s7_clean,3,0.0104004191152595,fine,1,0.70983,0,1195,0.017955,0.96013299088293,1
s7_clean,3,0.0124902476648341,fine,1,0.707578,0,1192,0.022491,0.969475982532751,0
s7_clean,3,0.015,coarse,1,0.70387,0,1185,0.028098,0.973506696985663,0
s7_clean,3,0.025,coarse,1,0.683125,0,1151,0.050085,0.96624631677218,0
s7_clean,3,0.05,coarse,1,0.591586,0,996,0.131481,0.962897965522597,0
s7_clean,3,0.1,coarse,1,0.342144,0,576,0.345292,0.918945269222247,0
s7_clean,3,0.2,coarse,1,0.031482,0,53,0.609604,0.644266055045872,0
s7_clean,3,0.4,coarse,1,0,0,0,0.636363,NaN,0
s7_clean,3,0.6,coarse,1,0,0,0,0.636363,NaN,0
s7_clean,3,0.8,coarse,1,0,0,0,0.636363,NaN,0
s7_clean,3,1,coarse,1,0,0,0,0.318213,NaN,0
s7_busy,3,0.0001,coarse,1,0.007128,0,12,0.020034,0.3,0
s7_busy,3,0.0003,coarse,1,0.020196,0,34,0.021231,0.535185185185185,0
s7_busy,3,0.0005,coarse,1,0.027324,0,46,0.021735,0.539795918367347,0
s7_busy,3,0.001,coarse,1,0.048114,0,81,0.023751,0.692088607594937,0
s7_busy,3,0.003,coarse,1,0.122364,0,206,0.028854,0.88261231281198,0
s7_busy,3,0.005,coarse,1,0.169477,0,286,0.034083,0.936309523809524,0
s7_busy,3,0.01,coarse,1,0.268488,0,452,0.046557,0.961883239171375,0
s7_busy,3,0.02,coarse,1,0.337651,0,569,0.070182,0.95347214041701,0
s7_busy,3,0.0261532097202366,fine,1,0.358182,0,603,0.085743,0.943654624727499,0
s7_busy,3,0.0341995189335339,fine,1,0.371844,0,626,0.108486,0.942009615384615,1
s7_busy,3,0.0447213595499958,fine,1,0.363022,0,612,0.145908,0.929297340214371,0
s7_busy,3,0.05,coarse,1,0.357784,0,603,0.165564,0.922959183673469,0
s7_busy,3,0.0584803547642573,fine,1,0.340362,0,573,0.200025,0.923621582086193,0
s7_busy,3,0.076472449133173,fine,1,0.281556,0,474,0.287028,0.922921459086428,0
s7_busy,3,0.1,coarse,1,0.202554,0,341,0.394065,0.830341331048272,0
s7_busy,3,0.2,coarse,1,0.017226,0,29,0.615751,0.412254901960784,0
sf_cf,4,0.025,coarse,1,0.394,0,498,0.24156,0.940263876251137,1
sf_cb,4,0.025,coarse,1,0.602712,0,761,0.103752,0.945102487107514,1
sb_cf,4,1e-05,coarse,1,0.031264,0,40,0.001098,0.571428571428571,0
sb_cf,4,1.94876784266975e-05,coarse,1,0.050272,0,64,0.004482,0.711111111111111,0
sb_cf,4,3.79769610462371e-05,coarse,1,0.103336,0,131,0.020403,0.793022181146026,0
sb_cf,4,7.40082804492285e-05,coarse,1,0.146104,0,185,0.065043,0.861656596173212,0
sb_cf,4,9.24415066550307e-05,fine,1,0.167488,0,212,0.103887,0.866975308641975,0
sb_cf,4,0.000115465892475565,fine,1,0.186912,0,236,0.150532,0.864844720496894,0
sb_cf,4,0.000144224957030741,coarse,1,0.203544,0,257,0.198385,0.850708397733127,1
sb_cf,4,0.000180147035497266,fine,1,0.200376,0,253,0.270889,0.829561949196475,0
sb_cf,4,0.000225016218181544,fine,1,0.19008,0,240,0.351187,0.839160839160839,0
sb_cf,4,0.000281060958371934,coarse,1,0.15048,0,190,0.45718,0.767431972789116,0
sb_cf,4,0.000547722557505166,coarse,1,0.05148,0,65,0.784042,0.577185792349727,0
sb_cf,4,0.001,coarse,1,0.00792,0,10,0.948706,0.178571428571429,0
sb_cf,4,0.0010673841067709,coarse,1,0.003168,0,4,0.960631,0.1,0
sb_cf,4,0.0020800838230519,coarse,1,0,0,0,0.996454,NaN,0
sb_cf,4,0.003,coarse,1,0,0,0,0.999685,NaN,0
sb_cf,4,0.0040536004644211,coarse,1,0,0,0,0.999955,NaN,0
sb_cf,4,0.00789952623209501,coarse,1,0,0,0,1,NaN,0
sb_cf,4,0.01,coarse,1,0,0,0,1,NaN,0
sb_cf,4,0.0153943426934329,coarse,1,0,0,0,1,NaN,0
sb_cf,4,0.03,coarse,1,0,0,0,1,NaN,0
sb_cf,4,0.03,coarse,1,0,0,0,1,NaN,0
sb_cb,4,1e-05,coarse,1,0.028512,0,36,1.8e-05,0.462857142857143,0
sb_cb,4,1.77827941003892e-05,coarse,1,0.053064,0,67,1.8e-05,0.620027624309392,0
sb_cb,4,3.16227766016838e-05,coarse,1,0.083952,0,106,3.6e-05,0.751069518716578,0
sb_cb,4,5.62341325190349e-05,coarse,1,0.148896,0,188,7.2e-05,0.838330170777989,0
sb_cb,4,0.0001,coarse,1,0.248688,0,314,0.000315,0.896327272727273,0
sb_cb,4,0.000177827941003892,coarse,1,0.342144,0,432,0.000639,0.904186046511628,0
sb_cb,4,0.000316227766016838,coarse,1,0.44748,0,565,0.003141,0.927224933193912,0
sb_cb,4,0.000562341325190349,coarse,1,0.529486,0,669,0.009486,0.924178161394235,0
sb_cb,4,0.000681292069057962,fine,1,0.550078,0,695,0.01422,0.944515056707079,0
sb_cb,4,0.000825404185268018,fine,1,0.586924,0,742,0.016758,0.941328135685953,0
sb_cb,4,0.001,coarse,1,0.596428,0,754,0.03339,0.943501062134891,0
sb_cb,4,0.00121152765862859,fine,1,0.598804,0,757,0.044271,0.958340022743996,1
sb_cb,4,0.00146779926762207,fine,1,0.593208,0,749,0.064719,0.951171583587657,0
sb_cb,4,0.00177827941003892,coarse,1,0.580536,0,733,0.090612,0.963228755826461,0
sb_cb,4,0.003,coarse,1,0.477214,0,603,0.208296,0.948182434546782,0
sb_cb,4,0.00316227766016838,coarse,1,0.487872,0,616,0.198196,0.950922213311949,0
sb_cb,4,0.00562341325190349,coarse,1,0.268488,0,339,0.425311,0.847750073768073,0
sb_cb,4,0.01,coarse,1,0.12085,0,153,0.563328,0.676560693641619,0
s7_clean,4,0.001,coarse,1,0.643948,0,814,0.001827,0.95761937796277,0
s7_clean,4,0.003,coarse,1,0.739728,0,934,0.00378,0.967392654364798,0
s7_clean,4,0.005,coarse,1,0.757944,0,957,0.006111,0.958763242745279,0
s7_clean,4,0.00600468477588001,fine,1,0.760588,0,961,0.007182,0.956065468549422,0
s7_clean,4,0.00721124785153704,fine,1,0.765864,0,967,0.007686,0.949791776703368,0
s7_clean,4,0.00866025403784439,fine,1,0.767448,0,969,0.009765,0.961774286065473,1
s7_clean,4,0.009,coarse,1,0.766735,0,969,0.010773,0.964065259353567,0
s7_clean,4,0.0104004191152595,fine,1,0.76597,0,968,0.013104,0.959908211768563,0
s7_clean,4,0.0124902476648341,fine,1,0.762696,0,963,0.017955,0.958699292891701,0
s7_clean,4,0.015,coarse,1,0.759985,0,960,0.022176,0.961041127888546,0
s7_clean,4,0.025,coarse,1,0.739447,0,934,0.042399,0.956782486619286,0
s7_clean,4,0.05,coarse,1,0.668554,0,845,0.101997,0.956676402808296,0
s7_clean,4,0.1,coarse,1,0.396792,0,501,0.319984,0.918341138592126,0
s7_clean,4,0.2,coarse,1,0.041184,0,52,0.60354,0.489855072463768,0
s7_clean,4,0.4,coarse,1,0.000792,0,1,0.635733,0.025,0
s7_clean,4,0.6,coarse,1,0,0,0,0.636363,NaN,0
s7_clean,4,0.8,coarse,1,0,0,0,0.636363,NaN,0
s7_clean,4,1,coarse,1,0,0,0,0.318213,NaN,0
s7_busy,4,0.0001,coarse,1,0.003168,0,4,0.017199,0.1,0
s7_busy,4,0.0003,coarse,1,0.015048,0,19,0.017388,0.334259259259259,0
s7_busy,4,0.0005,coarse,1,0.025344,0,32,0.018018,0.457142857142857,0
s7_busy,4,0.001,coarse,1,0.05148,0,65,0.018585,0.603571428571429,0
s7_busy,4,0.003,coarse,1,0.14256,0,180,0.024192,0.869098712446352,0
s7_busy,4,0.005,coarse,1,0.211464,0,267,0.028287,0.897846347607053,0
s7_busy,4,0.01,coarse,1,0.304128,0,384,0.037737,0.929500756429652,0
s7_busy,4,0.02,coarse,1,0.387178,0,489,0.056952,0.911423235249276,0
s7_busy,4,0.0261532097202366,fine,1,0.415008,0,524,0.070126,0.919175147295126,0
s7_busy,4,0.0341995189335339,fine,1,0.421344,0,532,0.092799,0.932472324723247,1
s7_busy,4,0.0447213595499958,fine,1,0.417384,0,527,0.12537,0.94452795538022,0
s7_busy,4,0.05,coarse,1,0.414367,0,524,0.142569,0.934694989106754,0
s7_busy,4,0.0584803547642573,fine,1,0.392832,0,496,0.181503,0.921822541966427,0
s7_busy,4,0.076472449133173,fine,1,0.350064,0,442,0.24255,0.917029665790462,0
s7_busy,4,0.1,coarse,1,0.255816,0,323,0.353556,0.874363057324841,0
s7_busy,4,0.2,coarse,1,0.03564,0,45,0.600019,0.491504854368932,0
sf_cf,5,0.025,coarse,1,0.34749,0,351,0.25639,0.910441915459651,1
sf_cb,5,0.025,coarse,1,0.639718,0,647,0.09504,0.9319819218096,1
sb_cf,5,1e-05,coarse,1,0.03762,0,38,0.005112,0.515714285714286,0
sb_cf,5,1.94876784266975e-05,coarse,1,0.07326,0,74,0.008523,0.760555555555556,0
sb_cf,5,3.79769610462371e-05,coarse,1,0.12078,0,122,0.032373,0.79508547008547,0
sb_cf,5,7.40082804492285e-05,coarse,1,0.17028,0,172,0.10008,0.846224256292906,0
sb_cf,5,9.24415066550307e-05,fine,1,0.17523,0,177,0.14076,0.806616889804325,0
sb_cf,5,0.000115465892475565,fine,1,0.18612,0,188,0.186759,0.768347826086957,1
sb_cf,5,0.000144224957030741,coarse,1,0.17919,0,181,0.256446,0.756255771006464,0
sb_cf,5,0.000180147035497266,fine,1,0.16929,0,171,0.337413,0.78689451022605,0
sb_cf,5,0.000225016218181544,fine,1,0.15741,0,159,0.425424,0.886430575035063,0
sb_cf,5,0.000281060958371934,coarse,1,0.13167,0,133,0.545169,0.862037037037037,0
sb_cf,5,0.000547722557505166,coarse,1,0.03762,0,38,0.839487,0.440243902439024,0
sb_cf,5,0.001,coarse,1,0.00099,0,1,0.971796,0.025,0
sb_cf,5,0.0010673841067709,coarse,1,0,0,0,0.97653,NaN,0
sb_cf,5,0.0020800838230519,coarse,1,0,0,0,0.998227,NaN,0
sb_cf,5,0.003,coarse,1,0,0,0,1,NaN,0
sb_cf,5,0.0040536004644211,coarse,1,0,0,0,1,NaN,0
sb_cf,5,0.00789952623209501,coarse,1,0,0,0,1,NaN,0
sb_cf,5,0.01,coarse,1,0,0,0,1,NaN,0
sb_cf,5,0.0153943426934329,coarse,1,0,0,0,1,NaN,0
sb_cf,5,0.03,coarse,1,0,0,0,1,NaN,0
sb_cf,5,0.03,coarse,1,0,0,0,1,NaN,0
sb_cb,5,1e-05,coarse,1,0.03267,0,33,0,0.513679245283019,0
sb_cb,5,1.77827941003892e-05,coarse,1,0.07623,0,77,0,0.70921052631579,0
sb_cb,5,3.16227766016838e-05,coarse,1,0.11979,0,121,0,0.783779443254818,0
sb_cb,5,5.62341325190349e-05,coarse,1,0.19107,0,193,3.6e-05,0.876034807149577,0
sb_cb,5,0.0001,coarse,1,0.29502,0,298,0.000189,0.88804,0
sb_cb,5,0.000177827941003892,coarse,1,0.40986,0,414,0.001503,0.914795046968403,0
sb_cb,5,0.000316227766016838,coarse,1,0.503431,0,509,0.004248,0.9201626651513,0
sb_cb,5,0.000562341325190349,coarse,1,0.588571,0,595,0.019566,0.949128686327078,0
sb_cb,5,0.000681292069057962,fine,1,0.608371,0,615,0.02133,0.953476353736009,0
sb_cb,5,0.000825404185268018,fine,1,0.623221,0,630,0.021168,0.951524741081703,0
sb_cb,5,0.001,coarse,1,0.632923,0,640,0.041922,0.946045824094605,0
sb_cb,5,0.00121152765862859,fine,1,0.635893,0,643,0.053073,0.926102051787474,0
sb_cb,5,0.00146779926762207,fine,1,0.639655,0,647,0.066663,0.906943842620678,1
sb_cb,5,0.00177827941003892,coarse,1,0.61083,0,617,0.099729,0.922837680597304,0
sb_cb,5,0.003,coarse,1,0.48411,0,489,0.222966,0.910867743410026,0
sb_cb,5,0.00316227766016838,coarse,1,0.47817,0,483,0.230571,0.909437860595665,0
sb_cb,5,0.00562341325190349,coarse,1,0.29304,0,296,0.439722,0.893311582381729,0
sb_cb,5,0.01,coarse,1,0.10791,0,109,0.593037,0.588168316831683,0
s7_clean,5,0.001,coarse,1,0.69894,0,706,0.000819,0.945440060698027,0
s7_clean,5,0.003,coarse,1,0.7821,0,790,0.002709,0.957326052276353,0
s7_clean,5,0.005,coarse,1,0.79695,0,805,0.005796,0.947238788516634,0
s7_clean,5,0.00600468477588001,fine,1,0.80091,0,809,0.006892,0.957571545619477,0
s7_clean,5,0.00721124785153704,fine,1,0.79992,0,808,0.009828,0.957952811362836,0
s7_clean,5,0.00866025403784439,fine,1,0.802681,0,811,0.010836,0.961299327681964,0
s7_clean,5,0.009,coarse,1,0.802843,0,811,0.011151,0.961299327681964,1
s7_clean,5,0.0104004191152595,fine,1,0.8019,0,810,0.013041,0.973211107155571,0
s7_clean,5,0.0124902476648341,fine,1,0.8019,0,810,0.015057,0.978319217463915,0
s7_clean,5,0.015,coarse,1,0.799162,0,808,0.018585,0.965889454373299,0
s7_clean,5,0.025,coarse,1,0.7819,0,790,0.034839,0.95615271479348,0
s7_clean,5,0.05,coarse,1,0.71181,0,719,0.090342,0.962540031280256,0
s7_clean,5,0.1,coarse,1,0.43362,0,438,0.304101,0.943000393236335,0
s7_clean,5,0.2,coarse,1,0.06039,0,61,0.590184,0.73248031496063,0
s7_clean,5,0.4,coarse,1,0,0,0,0.636363,NaN,0
s7_clean,5,0.6,coarse,1,0,0,0,0.636363,NaN,0
s7_clean,5,0.8,coarse,1,0,0,0,0.636363,NaN,0
s7_clean,5,1,coarse,1,0,0,0,0.318213,NaN,0
s7_busy,5,0.0001,coarse,1,0.00594,0,6,0.014364,0.15,0
s7_busy,5,0.0003,coarse,1,0.02475,0,25,0.014931,0.400641025641026,0
s7_busy,5,0.0005,coarse,1,0.03465,0,35,0.015183,0.502049180327869,0
s7_busy,5,0.001,coarse,1,0.064402,0,66,0.016506,0.605,0
s7_busy,5,0.003,coarse,1,0.16137,0,163,0.020412,0.766118800461361,0
s7_busy,5,0.005,coarse,1,0.22968,0,232,0.024129,0.822493887530562,0
s7_busy,5,0.01,coarse,1,0.3465,0,350,0.032571,0.901796230859835,0
s7_busy,5,0.02,coarse,1,0.43263,0,437,0.053233,0.918296787843816,0
s7_busy,5,0.0261532097202366,fine,1,0.455974,0,461,0.064764,0.930314305725792,0
s7_busy,5,0.0341995189335339,fine,1,0.454984,0,460,0.080703,0.923533519553073,0
s7_busy,5,0.0447213595499958,fine,1,0.456055,0,461,0.114534,0.938531178237061,1
s7_busy,5,0.05,coarse,1,0.44847,0,453,0.131985,0.911715834370002,0
s7_busy,5,0.0584803547642573,fine,1,0.4455,0,450,0.15624,0.931291390728477,0
s7_busy,5,0.076472449133173,fine,1,0.402433,0,407,0.223398,0.902817745803357,0
s7_busy,5,0.1,coarse,1,0.301444,0,305,0.33579,0.855953257269047,0
s7_busy,5,0.2,coarse,1,0.0297,0,30,0.605815,0.375,0
sf_cf,6,0.025,coarse,1,0.358776,0,302,0.270448,0.86761796042618,1
sf_cb,6,0.025,coarse,1,0.68308,0,575,0.084942,0.935554612337295,1
sb_cf,6,1e-05,coarse,1,0.04752,0,40,0.003663,0.5,0
sb_cf,6,1.94876784266975e-05,coarse,1,0.08316,0,70,0.012402,0.56712962962963,0
sb_cf,6,3.79769610462371e-05,coarse,1,0.138996,0,117,0.037584,0.720473684210526,0
sb_cf,6,4.743587441816e-05,fine,1,0.15444,0,130,0.059922,0.749113475177305,0
sb_cf,6,5.92507172723973e-05,fine,1,0.179388,0,151,0.080433,0.755,0
sb_cf,6,7.40082804492285e-05,coarse,1,0.199584,0,168,0.111735,0.757081545064378,1
sb_cf,6,9.24415066550307e-05,fine,1,0.186613,0,158,0.174609,0.802185089974293,0
sb_cf,6,0.000115465892475565,fine,1,0.183049,0,155,0.248931,0.73515911872705,0
sb_cf,6,0.000144224957030741,coarse,1,0.150876,0,127,0.366271,0.726531531531531,0
sb_cf,6,0.000281060958371934,coarse,1,0.086724,0,73,0.658303,0.63744019138756,0
sb_cf,6,0.000547722557505166,coarse,1,0.010692,0,9,0.907984,0.184090909090909,0
sb_cf,6,0.001,coarse,1,0.001188,0,1,0.982621,0.025,0
sb_cf,6,0.0010673841067709,coarse,1,0.001188,0,1,0.986869,0.025,0
sb_cf,6,0.0020800838230519,coarse,1,0,0,0,0.999262,NaN,0
sb_cf,6,0.003,coarse,1,0,0,0,1,NaN,0
sb_cf,6,0.0040536004644211,coarse,1,0,0,0,0.999874,NaN,0
sb_cf,6,0.00789952623209501,coarse,1,0,0,0,1,NaN,0
sb_cf,6,0.01,coarse,1,0,0,0,1,NaN,0
sb_cf,6,0.0153943426934329,coarse,1,0,0,0,1,NaN,0
sb_cf,6,0.03,coarse,1,0,0,0,1,NaN,0
sb_cf,6,0.03,coarse,1,0,0,0,1,NaN,0
sb_cb,6,1e-05,coarse,1,0.057024,0,48,2.7e-05,0.669767441860465,0
sb_cb,6,1.77827941003892e-05,coarse,1,0.07576,0,64,6.3e-05,0.648101265822785,0
sb_cb,6,3.16227766016838e-05,coarse,1,0.132784,0,112,9.9e-05,0.761165048543689,0
sb_cb,6,5.62341325190349e-05,coarse,1,0.223072,0,188,0.000198,0.867976424361493,0
sb_cb,6,0.0001,coarse,1,0.331452,0,279,0.001476,0.881751246035342,0
sb_cb,6,0.000177827941003892,coarse,1,0.439288,0,370,0.00279,0.906382415254237,0
sb_cb,6,0.000316227766016838,coarse,1,0.558088,0,470,0.004806,0.908007234462348,0
sb_cb,6,0.000562341325190349,coarse,1,0.621682,0,524,0.02295,0.915986122231118,0
sb_cb,6,0.000681292069057962,fine,1,0.63826,0,538,0.026865,0.945648196549922,0
sb_cb,6,0.000825404185268018,fine,1,0.658456,0,555,0.02754,0.945674198698268,0
sb_cb,6,0.001,coarse,1,0.665584,0,561,0.043335,0.928818911580687,1
sb_cb,6,0.00121152765862859,fine,1,0.642643,0,541,0.076563,0.934366619844209,0
sb_cb,6,0.00146779926762207,fine,1,0.619999,0,522,0.105903,0.937272977435333,0
sb_cb,6,0.00177827941003892,coarse,1,0.604555,0,509,0.136413,0.923310762651461,0
sb_cb,6,0.003,coarse,1,0.509317,0,429,0.238995,0.93688149053146,0
sb_cb,6,0.00316227766016838,coarse,1,0.486709,0,410,0.265041,0.913984341017834,0
sb_cb,6,0.00562341325190349,coarse,1,0.289872,0,244,0.455443,0.836179775280899,0
sb_cb,6,0.01,coarse,1,0.100429,0,85,0.640953,0.545694864048338,0
s7_clean,6,0.001,coarse,1,0.738936,0,622,0.000882,0.949548399764382,0
s7_clean,6,0.003,coarse,1,0.810115,0,682,0.001953,0.940784789644013,0
s7_clean,6,0.005,coarse,1,0.821932,0,692,0.004662,0.951637519872814,0
s7_clean,6,0.00600468477588001,fine,1,0.825415,0,695,0.005796,0.956788289359005,0
s7_clean,6,0.00721124785153704,fine,1,0.82789,0,697,0.007623,0.960324582905037,0
s7_clean,6,0.00866025403784439,fine,1,0.828736,0,698,0.008946,0.962701549162188,0
s7_clean,6,0.009,coarse,1,0.828394,0,698,0.009639,0.962853754940711,0
s7_clean,6,0.0104004191152595,fine,1,0.828844,0,698,0.010521,0.966214501031255,0
s7_clean,6,0.0124902476648341,fine,1,0.829015,0,698,0.012348,0.963006008855155,1
s7_clean,6,0.015,coarse,1,0.828187,0,698,0.014238,0.959062992125984,0
s7_clean,6,0.025,coarse,1,0.809125,0,682,0.031374,0.927132833678839,0
s7_clean,6,0.05,coarse,1,0.752344,0,634,0.076041,0.945156132430399,0
s7_clean,6,0.1,coarse,1,0.502765,0,424,0.262332,0.914239218877136,0
s7_clean,6,0.2,coarse,1,0.055836,0,47,0.594846,0.497522522522523,0
s7_clean,6,0.4,coarse,1,0,0,0,0.636363,NaN,0
s7_clean,6,0.6,coarse,1,0,0,0,0.636363,NaN,0
s7_clean,6,0.8,coarse,1,0,0,0,0.636363,NaN,0
s7_clean,6,1,coarse,1,0,0,0,0.318213,NaN,0
s7_busy,6,0.0001,coarse,1,0.002376,0,2,0.010395,0.05,0
s7_busy,6,0.0003,coarse,1,0.014256,0,12,0.010843,0.3,0
s7_busy,6,0.0005,coarse,1,0.027324,0,23,0.011088,0.529,0
s7_busy,6,0.001,coarse,1,0.052272,0,44,0.012033,0.605,0
s7_busy,6,0.003,coarse,1,0.13662,0,115,0.01512,0.78161938534279,0
s7_busy,6,0.005,coarse,1,0.204336,0,172,0.018711,0.832882882882883,0
s7_busy,6,0.01,coarse,1,0.323136,0,272,0.027594,0.878252611585945,0
s7_busy,6,0.02,coarse,1,0.435996,0,367,0.042273,0.937684489000278,0
s7_busy,6,0.0261532097202366,fine,1,0.477576,0,402,0.05481,0.924085086916743,0
s7_busy,6,0.0341995189335339,fine,1,0.505222,0,426,0.073584,0.928931203931204,0
s7_busy,6,0.0447213595499958,fine,1,0.516058,0,435,0.095445,0.92053415061296,1
s7_busy,6,0.05,coarse,1,0.513216,0,432,0.109053,0.916260801256873,0
s7_busy,6,0.0584803547642573,fine,1,0.507276,0,427,0.131859,0.915490058244627,0
s7_busy,6,0.076472449133173,fine,1,0.452014,0,381,0.19908,0.909302179904786,0
s7_busy,6,0.1,coarse,1,0.351648,0,296,0.3087,0.849650892164469,0
s7_busy,6,0.2,coarse,1,0.0297,0,25,0.610801,0.38109756097561,0
sf_cf,8,0.025,coarse,1,0.384912,0,243,0.264528,0.841153846153846,1
sf_cb,8,0.025,coarse,1,0.754558,0,477,0.063162,0.94756371814093,1
sb_cf,8,1e-05,coarse,1,0.066528,0,42,0.016731,0.501136363636364,0
sb_cf,8,1.94876784266975e-05,coarse,1,0.109296,0,69,0.032283,0.623167539267016,0
sb_cf,8,3.79769610462371e-05,coarse,1,0.147312,0,93,0.083988,0.673598130841122,0
sb_cf,8,4.743587441816e-05,fine,1,0.178612,0,113,0.107532,0.761873508353222,0
sb_cf,8,5.92507172723973e-05,fine,1,0.1897,0,120,0.152514,0.775862068965517,1
sb_cf,8,7.40082804492285e-05,coarse,1,0.178612,0,113,0.217953,0.733850574712644,0
sb_cf,8,9.24415066550307e-05,fine,1,0.178612,0,113,0.294633,0.784336609336609,0
sb_cf,8,0.000115465892475565,fine,1,0.154852,0,98,0.386712,0.736503067484663,0
sb_cf,8,0.000144224957030741,coarse,1,0.123172,0,78,0.494532,0.717452830188679,0
sb_cf,8,0.000281060958371934,coarse,1,0.057024,0,36,0.782323,0.50625,0
sb_cf,8,0.000547722557505166,coarse,1,0.003168,0,2,0.952939,0.05,0
sb_cf,8,0.001,coarse,1,0,0,0,0.994132,NaN,0
sb_cf,8,0.0010673841067709,coarse,1,0,0,0,0.995608,NaN,0
sb_cf,8,0.0020800838230519,coarse,1,0,0,0,0.999973,NaN,0
sb_cf,8,0.003,coarse,1,0,0,0,0.999991,NaN,0
sb_cf,8,0.0040536004644211,coarse,1,0,0,0,1,NaN,0
sb_cf,8,0.00789952623209501,coarse,1,0,0,0,1,NaN,0
sb_cf,8,0.01,coarse,1,0,0,0,1,NaN,0
sb_cf,8,0.0153943426934329,coarse,1,0,0,0,1,NaN,0
sb_cf,8,0.03,coarse,1,0,0,0,1,NaN,0
sb_cf,8,0.03,coarse,1,0,0,0,1,NaN,0
sb_cb,8,1e-05,coarse,1,0.045936,0,29,1.8e-05,0.382272727272727,0
sb_cb,8,1.77827941003892e-05,coarse,1,0.093456,0,59,1.8e-05,0.561451612903226,0
sb_cb,8,3.16227766016838e-05,coarse,1,0.175824,0,111,1.8e-05,0.742228915662651,0
sb_cb,8,5.62341325190349e-05,coarse,1,0.267696,0,169,7.2e-05,0.794243604004449,0
sb_cb,8,0.0001,coarse,1,0.386496,0,244,0.000207,0.853440366972477,0
sb_cb,8,0.000177827941003892,coarse,1,0.500544,0,316,0.006831,0.888398576512455,0
sb_cb,8,0.000316227766016838,coarse,1,0.601531,0,380,0.013698,0.919510952623535,0
sb_cb,8,0.000562341325190349,coarse,1,0.681172,0,431,0.021213,0.939515476431317,0
sb_cb,8,0.000681292069057962,fine,1,0.674836,0,427,0.043695,0.917332461259811,0
sb_cb,8,0.000825404185268018,fine,1,0.679588,0,430,0.05373,0.93195564516129,0
sb_cb,8,0.001,coarse,1,0.70018,0,443,0.060822,0.947696542399073,0
sb_cb,8,0.00121152765862859,fine,1,0.703348,0,445,0.074511,0.937795984087895,1
sb_cb,8,0.00146779926762207,fine,1,0.666916,0,422,0.114399,0.910077677841374,0
sb_cb,8,0.00177827941003892,coarse,1,0.662112,0,418,0.127854,0.922318412162162,0
sb_cb,8,0.003,coarse,1,0.497376,0,314,0.290248,0.872222222222222,0
sb_cb,8,0.00316227766016838,coarse,1,0.48312,0,305,0.2968,0.863581507612328,0
sb_cb,8,0.00562341325190349,coarse,1,0.30888,0,195,0.479106,0.792848206839033,0
sb_cb,8,0.01,coarse,1,0.13464,0,85,0.615697,0.616467576791809,0
s7_clean,8,0.001,coarse,1,0.78408,0,495,0.00063,0.934211529662956,0
s7_clean,8,0.003,coarse,1,0.850237,0,537,0.002583,0.951712871287129,0
s7_clean,8,0.005,coarse,1,0.860866,0,544,0.004221,0.95193000514668,0
s7_clean,8,0.00600468477588001,fine,1,0.86326,0,545,0.005229,0.9513933376041,0
s7_clean,8,0.00721124785153704,fine,1,0.866005,0,547,0.00567,0.956672848190306,0
s7_clean,8,0.00866025403784439,fine,1,0.867076,0,548,0.006741,0.963995891114535,0
s7_clean,8,0.009,coarse,1,0.866851,0,548,0.006678,0.952257737189244,0
s7_clean,8,0.0104004191152595,fine,1,0.867571,0,548,0.007875,0.938684671167792,1
s7_clean,8,0.0124902476648341,fine,1,0.867319,0,548,0.00882,0.9300792864222,0
s7_clean,8,0.015,coarse,1,0.864898,0,547,0.011529,0.909892348862669,0
s7_clean,8,0.025,coarse,1,0.850822,0,538,0.024066,0.952619799894681,0
s7_clean,8,0.05,coarse,1,0.792673,0,501,0.066654,0.916999123191583,0
s7_clean,8,0.1,coarse,1,0.571824,0,361,0.225855,0.907780718863193,0
s7_clean,8,0.2,coarse,1,0.074448,0,47,0.582246,0.569329896907216,0
s7_clean,8,0.4,coarse,1,0,0,0,0.636363,NaN,0
s7_clean,8,0.6,coarse,1,0,0,0,0.636363,NaN,0
s7_clean,8,0.8,coarse,1,0,0,0,0.636363,NaN,0
s7_clean,8,1,coarse,1,0,0,0,0.318213,NaN,0
s7_busy,8,0.0001,coarse,1,0.004752,0,3,0.01008,0.075,0
s7_busy,8,0.0003,coarse,1,0.011088,0,7,0.010143,0.175,0
s7_busy,8,0.0005,coarse,1,0.02376,0,15,0.010521,0.296052631578947,0
s7_busy,8,0.001,coarse,1,0.053856,0,34,0.011718,0.466129032258065,0
s7_busy,8,0.003,coarse,1,0.1584,0,100,0.015435,0.771604938271605,0
s7_busy,8,0.005,coarse,1,0.24451,0,155,0.018585,0.801902536715621,0
s7_busy,8,0.01,coarse,1,0.384912,0,243,0.024885,0.889828209764919,0
s7_busy,8,0.02,coarse,1,0.520972,0,329,0.036477,0.857694136291601,0
s7_busy,8,0.0261532097202366,fine,1,0.548064,0,346,0.042525,0.871549213744904,0
s7_busy,8,0.0341995189335339,fine,1,0.573408,0,362,0.057708,0.907004429678848,0
s7_busy,8,0.0447213595499958,fine,1,0.579744,0,366,0.075789,0.907560975609756,0
s7_busy,8,0.05,coarse,1,0.582091,0,368,0.087885,0.905724986623863,1
s7_busy,8,0.0584803547642573,fine,1,0.55537,0,351,0.119889,0.876251778093883,0
s7_busy,8,0.076472449133173,fine,1,0.497376,0,314,0.177408,0.876564722617354,0
s7_busy,8,0.1,coarse,1,0.399168,0,252,0.285831,0.860954446854664,0
s7_busy,8,0.2,coarse,1,0.037456,0,24,0.603981,0.327272727272727,0
sf_cf,10,0.025,coarse,1,0.34056,0,172,0.25144,0.751626016260163,1
sf_cb,10,0.025,coarse,1,0.78208,0,395,0.05445,0.914137567377549,1
sb_cf,10,1e-05,coarse,1,0.09306,0,47,0.003096,0.497522522522523,0
sb_cf,10,1.94876784266975e-05,coarse,1,0.14454,0,73,0.022905,0.625469483568075,0
sb_cf,10,2.43414702251933e-05,fine,1,0.16038,0,81,0.039321,0.675,0
sb_cf,10,3.04041948840996e-05,fine,1,0.1881,0,95,0.051138,0.665560471976401,0
sb_cf,10,3.79769610462371e-05,coarse,1,0.198,0,100,0.092628,0.753012048192771,1
sb_cf,10,4.74358744181599e-05,fine,1,0.19008,0,96,0.154503,0.768,0
sb_cf,10,5.92507172723973e-05,fine,1,0.19404,0,98,0.216666,0.816666666666667,0
sb_cf,10,7.40082804492285e-05,coarse,1,0.19008,0,96,0.262125,0.817021276595745,0
sb_cf,10,0.000144224957030741,coarse,1,0.1485,0,75,0.550035,0.692733990147783,0
sb_cf,10,0.000281060958371934,coarse,1,0.01188,0,6,0.888778,0.1125,0
sb_cf,10,0.000547722557505166,coarse,1,0,0,0,0.987364,NaN,0
sb_cf,10,0.001,coarse,1,0,0,0,0.998758,NaN,0
sb_cf,10,0.0010673841067709,coarse,1,0,0,0,0.999046,NaN,0
sb_cf,10,0.0020800838230519,coarse,1,0,0,0,0.999982,NaN,0
sb_cf,10,0.003,coarse,1,0,0,0,1,NaN,0
sb_cf,10,0.0040536004644211,coarse,1,0,0,0,1,NaN,0
sb_cf,10,0.00789952623209501,coarse,1,0,0,0,1,NaN,0
sb_cf,10,0.01,coarse,1,0,0,0,1,NaN,0
sb_cf,10,0.0153943426934329,coarse,1,0,0,0,1,NaN,0
sb_cf,10,0.03,coarse,1,0,0,0,1,NaN,0
sb_cf,10,0.03,coarse,1,0,0,0,1,NaN,0
sb_cb,10,1e-05,coarse,1,0.07326,0,37,0,0.468835616438356,0
sb_cb,10,1.77827941003892e-05,coarse,1,0.124405,0,63,0,0.624056603773585,0
sb_cb,10,3.16227766016838e-05,coarse,1,0.217465,0,110,0,0.697004608294931,0
sb_cb,10,5.62341325190349e-05,coarse,1,0.326365,0,165,5.4e-05,0.774317406143345,0
sb_cb,10,0.0001,coarse,1,0.447145,0,226,0.000126,0.819576379974326,0
sb_cb,10,0.000177827941003892,coarse,1,0.581785,0,294,0.002475,0.856819984139572,0
sb_cb,10,0.000316227766016838,coarse,1,0.676231,0,342,0.010809,0.912071116656269,0
sb_cb,10,0.000383118684955729,fine,1,0.698011,0,353,0.019152,0.894408555842664,0
sb_cb,10,0.000464158883361278,fine,1,0.705931,0,357,0.027693,0.892750070047632,0
sb_cb,10,0.000562341325190349,coarse,1,0.727711,0,368,0.033453,0.907181136120043,1
sb_cb,10,0.000681292069057962,fine,1,0.727711,0,368,0.042138,0.902826666666667,0
sb_cb,10,0.000825404185268018,fine,1,0.719791,0,364,0.062451,0.908004385964912,0
sb_cb,10,0.001,coarse,1,0.711871,0,360,0.087156,0.914737436476567,0
sb_cb,10,0.00177827941003892,coarse,1,0.64944,0,328,0.155689,0.873246753246753,0
sb_cb,10,0.003,coarse,1,0.5049,0,255,0.311695,0.882053716766142,0
sb_cb,10,0.00316227766016838,coarse,1,0.49896,0,252,0.296476,0.869441401971522,0
sb_cb,10,0.00562341325190349,coarse,1,0.243583,0,124,0.514854,0.69136690647482,0
sb_cb,10,0.01,coarse,1,0.10494,0,53,0.660301,0.668809523809524,0
s7_clean,10,0.001,coarse,1,0.82962,0,419,0.000441,0.930469578121688,0
s7_clean,10,0.003,coarse,1,0.87912,0,444,0.001386,0.931996974281392,0
s7_clean,10,0.005,coarse,1,0.88792,0,449,0.002709,0.938726951015087,0
s7_clean,10,0.00600468477588001,fine,1,0.887551,0,449,0.003843,0.916534824513548,0
s7_clean,10,0.00721124785153704,fine,1,0.887902,0,449,0.005166,0.918204591000182,0
s7_clean,10,0.00866025403784439,fine,1,0.890017,0,450,0.005607,0.946615557217651,0
s7_clean,10,0.009,coarse,1,0.890134,0,450,0.005796,0.941685267857143,1
s7_clean,10,0.0104004191152595,fine,1,0.889774,0,450,0.006867,0.928217821782178,0
s7_clean,10,0.0124902476648341,fine,1,0.88936,0,450,0.007749,0.901121395514418,0
s7_clean,10,0.015,coarse,1,0.887614,0,449,0.010521,0.904689463292048,0
s7_clean,10,0.025,coarse,1,0.87714,0,443,0.019593,0.936123831329899,0
s7_clean,10,0.05,coarse,1,0.82962,0,419,0.053152,0.935626732040077,0
s7_clean,10,0.1,coarse,1,0.64168,0,325,0.185661,0.879915028323892,0
s7_clean,10,0.2,coarse,1,0.099,0,50,0.567,0.512295081967213,0
s7_clean,10,0.4,coarse,1,0.00198,0,1,0.634977,0.025,0
s7_clean,10,0.6,coarse,1,0,0,0,0.636363,NaN,0
s7_clean,10,0.8,coarse,1,0,0,0,0.636363,NaN,0
s7_clean,10,1,coarse,1,0,0,0,0.318213,NaN,0
s7_busy,10,0.0001,coarse,1,0.00396,0,2,0.007182,0.05,0
s7_busy,10,0.0003,coarse,1,0.01782,0,9,0.007434,0.184090909090909,0
s7_busy,10,0.0005,coarse,1,0.0297,0,15,0.007434,0.225,0
s7_busy,10,0.001,coarse,1,0.05544,0,28,0.008379,0.445454545454545,0
s7_busy,10,0.003,coarse,1,0.141928,0,72,0.012159,0.589090909090909,0
s7_busy,10,0.005,coarse,1,0.22176,0,112,0.014931,0.757487922705314,0
s7_busy,10,0.01,coarse,1,0.358,0,181,0.019593,0.870377258235919,0
s7_busy,10,0.02,coarse,1,0.4851,0,245,0.030429,0.898040095751047,0
s7_busy,10,0.0261532097202366,fine,1,0.539701,0,273,0.036981,0.89363309352518,0
s7_busy,10,0.0341995189335339,fine,1,0.58014,0,293,0.050463,0.879961049610496,0
s7_busy,10,0.0447213595499958,fine,1,0.61182,0,309,0.065079,0.87726019845645,0
s7_busy,10,0.05,coarse,1,0.620143,0,314,0.079506,0.878439059158945,1
s7_busy,10,0.0584803547642573,fine,1,0.6039,0,305,0.101052,0.887982054219168,0
s7_busy,10,0.076472449133173,fine,1,0.54054,0,273,0.15687,0.878465346534653,0
s7_busy,10,0.1,coarse,1,0.44946,0,227,0.242953,0.907840028188865,0
s7_busy,10,0.2,coarse,1,0.0594,0,30,0.585097,0.375,0
sf_cf,15,0.025,coarse,1,0.32272,0,109,0.25542,0.744423558897243,1
sf_cb,15,0.025,coarse,1,0.848212,0,286,0.039996,0.86795415959253,1
sb_cf,15,1e-05,coarse,1,0.10395,0,35,0.007956,0.457089552238806,0
sb_cf,15,1.94876784266975e-05,coarse,1,0.15444,0,52,0.051291,0.603571428571429,0
sb_cf,15,2.43414702251933e-05,fine,1,0.1782,0,60,0.08496,0.652173913043478,0
sb_cf,15,3.04041948840996e-05,fine,1,0.20493,0,69,0.114552,0.680142857142857,1
sb_cf,15,3.79769610462371e-05,coarse,1,0.20196,0,68,0.174141,0.642222222222222,0
sb_cf,15,4.74358744181599e-05,fine,1,0.17226,0,58,0.267732,0.546103896103896,0
sb_cf,15,5.92507172723973e-05,fine,1,0.15444,0,52,0.35271,0.545161290322581,0
sb_cf,15,7.40082804492285e-05,coarse,1,0.14256,0,48,0.44505,0.564705882352941,0
sb_cf,15,0.000144224957030741,coarse,1,0.052369,0,18,0.756939,0.27,0
sb_cf,15,0.000281060958371934,coarse,1,0,0,0,0.960022,NaN,0
sb_cf,15,0.000547722557505166,coarse,1,0,0,0,0.998146,NaN,0
sb_cf,15,0.001,coarse,1,0,0,0,1,NaN,0
sb_cf,15,0.0010673841067709,coarse,1,0,0,0,1,NaN,0
sb_cf,15,0.0020800838230519,coarse,1,0,0,0,1,NaN,0
sb_cf,15,0.003,coarse,1,0,0,0,1,NaN,0
sb_cf,15,0.0040536004644211,coarse,1,0,0,0,1,NaN,0
sb_cf,15,0.00789952623209501,coarse,1,0,0,0,1,NaN,0
sb_cf,15,0.01,coarse,1,0,0,0,1,NaN,0
sb_cf,15,0.0153943426934329,coarse,1,0,0,0,1,NaN,0
sb_cf,15,0.03,coarse,1,0,0,0,1,NaN,0
sb_cf,15,0.03,coarse,1,0,0,0,1,NaN,0
sb_cb,15,1e-05,coarse,1,0.126727,0,43,0,0.457673267326733,0
sb_cb,15,1.77827941003892e-05,coarse,1,0.186127,0,63,0,0.554329608938547,0
sb_cb,15,3.16227766016838e-05,coarse,1,0.29403,0,99,1.8e-05,0.6534,0
sb_cb,15,5.62341325190349e-05,coarse,1,0.40986,0,138,3.6e-05,0.714864864864865,0
sb_cb,15,0.0001,coarse,1,0.518767,0,175,0.000135,0.758795837462835,0
sb_cb,15,0.000177827941003892,coarse,1,0.643507,0,217,0.00927,0.827283907238229,0
sb_cb,15,0.000316227766016838,coarse,1,0.730528,0,246,0.012402,0.804734042553191,0
sb_cb,15,0.000562341325190349,coarse,1,0.748348,0,252,0.051903,0.829467084639498,0
sb_cb,15,0.000681292069057962,fine,1,0.777922,0,262,0.043524,0.821886973180077,0
sb_cb,15,0.000825404185268018,fine,1,0.791755,0,267,0.037899,0.872356828193833,1
sb_cb,15,0.001,coarse,1,0.774952,0,261,0.071055,0.881939409632315,0
sb_cb,15,0.00121152765862859,fine,1,0.742282,0,250,0.110196,0.909487776484284,0
sb_cb,15,0.00146779926762207,fine,1,0.70983,0,239,0.148552,0.86285498489426,0
sb_cb,15,0.00177827941003892,coarse,1,0.6534,0,220,0.200311,0.860597439544808,0
sb_cb,15,0.003,coarse,1,0.541447,0,183,0.321363,0.831405163853029,0
sb_cb,15,0.00316227766016838,coarse,1,0.476107,0,161,0.358227,0.803004956629492,0
sb_cb,15,0.00562341325190349,coarse,1,0.28512,0,96,0.53206,0.665895953757225,0
sb_cb,15,0.01,coarse,1,0.11286,0,38,0.646921,0.530882352941176,0
s7_clean,15,0.001,coarse,1,0.875536,0,295,0.000315,0.879751314193288,0
s7_clean,15,0.003,coarse,1,0.91179,0,307,0.001827,0.893524838832006,0
s7_clean,15,0.005,coarse,1,0.917485,0,309,0.002835,0.861430891374955,0
s7_clean,15,0.009,coarse,1,0.919744,0,310,0.005292,0.826169188445667,0
s7_clean,15,0.0106706799134702,fine,1,0.919555,0,310,0.005607,0.843574438202247,0
s7_clean,15,0.0126514899795262,fine,1,0.92257,0,311,0.006489,0.880883424408015,1
s7_clean,15,0.015,coarse,1,0.920149,0,310,0.007749,0.890474425500371,0
s7_clean,15,0.0177844665224503,fine,1,0.917683,0,309,0.010269,0.903149829738933,0
s7_clean,15,0.0210858166325437,fine,1,0.915028,0,309,0.012222,0.898391042529168,0
s7_clean,15,0.025,coarse,1,0.912535,0,308,0.01449,0.902435312024353,0
s7_clean,15,0.05,coarse,1,0.880855,0,297,0.036666,0.901195341234164,0
s7_clean,15,0.1,coarse,1,0.711709,0,240,0.152901,0.910240202275601,0
s7_clean,15,0.2,coarse,1,0.13662,0,46,0.543564,0.601136363636364,0
s7_clean,15,0.4,coarse,1,0.00594,0,2,0.632331,0.05,0
s7_clean,15,0.6,coarse,1,0,0,0,0.636363,NaN,0
s7_clean,15,0.8,coarse,1,0,0,0,0.636363,NaN,0
s7_clean,15,1,coarse,1,0,0,0,0.318213,NaN,0
s7_busy,15,0.0001,coarse,1,0.00297,0,1,0.004473,0.025,0
s7_busy,15,0.0003,coarse,1,0.02376,0,8,0.004536,0.16,0
s7_busy,15,0.0005,coarse,1,0.03861,0,13,0.004788,0.222368421052632,0
s7_busy,15,0.001,coarse,1,0.06831,0,23,0.005103,0.339102564102564,0
s7_busy,15,0.003,coarse,1,0.19305,0,65,0.005796,0.610549132947977,0
s7_busy,15,0.005,coarse,1,0.25839,0,87,0.009009,0.693131868131868,0
s7_busy,15,0.01,coarse,1,0.39204,0,132,0.012411,0.77508896797153,0
s7_busy,15,0.02,coarse,1,0.55539,0,187,0.018459,0.819329896907216,0
s7_busy,15,0.0261532097202366,fine,1,0.609478,0,206,0.02583,0.824961119751166,0
s7_busy,15,0.0341995189335339,fine,1,0.63261,0,213,0.035091,0.865160183066362,0
s7_busy,15,0.0447213595499958,fine,1,0.641626,0,217,0.051156,0.787441471571906,0
s7_busy,15,0.05,coarse,1,0.643228,0,217,0.054999,0.824964961457603,0
s7_busy,15,0.0584803547642573,fine,1,0.65043,0,219,0.075184,0.832078417765441,1
s7_busy,15,0.076472449133173,fine,1,0.639124,0,216,0.118062,0.878313253012048,0
s7_busy,15,0.1,coarse,1,0.556,0,188,0.198639,0.796036036036036,0
s7_busy,15,0.2,coarse,1,0.07425,0,25,0.580356,0.38109756097561,0
sf_cf,20,0.025,coarse,1,0.396,0,100,0.2158,0.706214689265537,1
sf_cb,20,0.025,coarse,1,0.87516,0,221,0.035838,0.836891706648389,1
sb_cf,20,1e-05,coarse,1,0.15048,0,38,0.056718,0.582258064516129,0
sb_cf,20,1.94876784266975e-05,coarse,1,0.16632,0,42,0.152298,0.580263157894737,0
sb_cf,20,2.43414702251933e-05,fine,1,0.20196,0,51,0.191817,0.607710280373832,0
sb_cf,20,3.04041948840996e-05,fine,1,0.24948,0,63,0.2322,0.608742331288344,1
sb_cf,20,3.79769610462371e-05,coarse,1,0.20196,0,51,0.332838,0.546428571428571,0
sb_cf,20,4.74358744181599e-05,fine,1,0.198,0,50,0.420111,0.504032258064516,0
sb_cf,20,5.92507172723973e-05,fine,1,0.1386,0,35,0.548229,0.486111111111111,0
sb_cf,20,7.40082804492285e-05,coarse,1,0.07524,0,19,0.66855,0.392391304347826,0
sb_cf,20,0.000144224957030741,coarse,1,0.005524,0,2,0.907689,0.05,0
sb_cf,20,0.000281060958371934,coarse,1,0,0,0,0.974125,NaN,0
sb_cf,20,0.000547722557505166,coarse,1,0,0,0,0.999964,NaN,0
sb_cf,20,0.001,coarse,1,0,0,0,1,NaN,0
sb_cf,20,0.0010673841067709,coarse,1,0,0,0,1,NaN,0
sb_cf,20,0.0020800838230519,coarse,1,0,0,0,1,NaN,0
sb_cf,20,0.003,coarse,1,0,0,0,1,NaN,0
sb_cf,20,0.0040536004644211,coarse,1,0,0,0,1,NaN,0
sb_cf,20,0.00789952623209501,coarse,1,0,0,0,1,NaN,0
sb_cf,20,0.01,coarse,1,0,0,0,1,NaN,0
sb_cf,20,0.0153943426934329,coarse,1,0,0,0,1,NaN,0
sb_cf,20,0.03,coarse,1,0,0,0,1,NaN,0
sb_cf,20,0.03,coarse,1,0,0,0,1,NaN,0
sb_cb,20,1e-05,coarse,1,0.1584,0,40,1.8e-05,0.588235294117647,0
sb_cb,20,1.77827941003892e-05,coarse,1,0.28512,0,72,3.6e-05,0.611320754716981,0
sb_cb,20,3.16227766016838e-05,coarse,1,0.3762,0,95,3.6e-05,0.739754098360656,0
sb_cb,20,5.62341325190349e-05,coarse,1,0.48312,0,122,5.4e-05,0.785021097046414,0
sb_cb,20,0.0001,coarse,1,0.593782,0,150,9e-05,0.810518731988473,0
sb_cb,20,0.000177827941003892,coarse,1,0.702547,0,178,0.004167,0.83203781512605,0
sb_cb,20,0.000316227766016838,coarse,1,0.791782,0,200,0.004338,0.813008130081301,0
sb_cb,20,0.000383118684955729,fine,1,0.792259,0,201,0.008577,0.772781178270849,0
sb_cb,20,0.000464158883361278,fine,1,0.788299,0,200,0.036405,0.814332247557003,0
sb_cb,20,0.000562341325190349,coarse,1,0.816586,0,207,0.03258,0.834937646141855,1
sb_cb,20,0.000681292069057962,fine,1,0.795742,0,201,0.060327,0.795921985815603,0
sb_cb,20,0.000825404185268018,fine,1,0.796579,0,202,0.072666,0.820016077170418,0
sb_cb,20,0.001,coarse,1,0.73141,0,185,0.140877,0.814105613701237,0
sb_cb,20,0.00177827941003892,coarse,1,0.618019,0,157,0.23526,0.8183598937583,0
sb_cb,20,0.003,coarse,1,0.512053,0,130,0.334692,0.782407407407407,0
sb_cb,20,0.00316227766016838,coarse,1,0.480373,0,122,0.367083,0.798497854077253,0
sb_cb,20,0.00562341325190349,coarse,1,0.253051,0,64,0.573777,0.60952380952381,0
sb_cb,20,0.01,coarse,1,0.11484,0,29,0.686619,0.467222222222222,0
s7_clean,20,0.001,coarse,1,0.900592,0,228,0.000126,0.8664,0
s7_clean,20,0.003,coarse,1,0.932884,0,236,0.000945,0.855282555282555,0
s7_clean,20,0.005,coarse,1,0.940246,0,238,0.001449,0.862423873325213,0
s7_clean,20,0.009,coarse,1,0.940039,0,238,0.002835,0.84694976076555,0
s7_clean,20,0.0106706799134702,fine,1,0.943531,0,239,0.003087,0.875551808706315,1
s7_clean,20,0.0126514899795262,fine,1,0.940246,0,238,0.00441,0.883957553058677,0
s7_clean,20,0.015,coarse,1,0.940579,0,238,0.005607,0.886170212765957,0
s7_clean,20,0.0177844665224503,fine,1,0.938095,0,237,0.007245,0.860959534028204,0
s7_clean,20,0.0210858166325437,fine,1,0.934549,0,236,0.009387,0.845929526123937,0
s7_clean,20,0.025,coarse,1,0.93112,0,236,0.010521,0.842857142857143,0
s7_clean,20,0.05,coarse,1,0.909268,0,230,0.027468,0.866644823066841,0
s7_clean,20,0.1,coarse,1,0.76498,0,194,0.124929,0.841592128801431,0
s7_clean,20,0.2,coarse,1,0.17028,0,43,0.522144,0.497043010752688,0
s7_clean,20,0.4,coarse,1,0,0,0,0.636363,NaN,0
s7_clean,20,0.6,coarse,1,0,0,0,0.636363,NaN,0
s7_clean,20,0.8,coarse,1,0,0,0,0.636363,NaN,0
s7_clean,20,1,coarse,1,0,0,0,0.318213,NaN,0
s7_busy,20,0.0001,coarse,1,0.00792,0,2,0.003654,0.05,0
s7_busy,20,0.0003,coarse,1,0.0198,0,5,0.003654,0.125,0
s7_busy,20,0.0005,coarse,1,0.02376,0,6,0.004032,0.15,0
s7_busy,20,0.001,coarse,1,0.05148,0,13,0.004284,0.281666666666667,0
s7_busy,20,0.003,coarse,1,0.17028,0,43,0.005985,0.497043010752688,0
s7_busy,20,0.005,coarse,1,0.28116,0,71,0.007623,0.575456621004566,0
s7_busy,20,0.01,coarse,1,0.3762,0,95,0.010962,0.707288401253918,0
s7_busy,20,0.02,coarse,1,0.53856,0,136,0.017451,0.811228070175439,0
s7_busy,20,0.0261532097202366,fine,1,0.60588,0,153,0.021294,0.804986244841816,0
s7_busy,20,0.0341995189335339,fine,1,0.65736,0,166,0.030933,0.844240196078431,0
s7_busy,20,0.0447213595499958,fine,1,0.68904,0,174,0.040005,0.755389221556886,0
s7_busy,20,0.05,coarse,1,0.693,0,175,0.045549,0.811903499469777,0
s7_busy,20,0.0584803547642573,fine,1,0.695914,0,176,0.055251,0.868161434977578,0
s7_busy,20,0.076472449133173,fine,1,0.708703,0,179,0.082845,0.805050251256281,1
s7_busy,20,0.1,coarse,1,0.6336,0,160,0.144619,0.855614973262032,0
s7_busy,20,0.2,coarse,1,0.099,0,25,0.556227,0.446428571428571,0
