protocol,study_type,M,requested_Tp_us,Tp_us,payload_slots,effective_M,payload_quantization_error_us,best_q,q_selection_mode,q_search_boundary_hit,n_eval_runs,payload_airtime_fraction_mean,payload_airtime_fraction_ci95,effective_payload_fraction_mean,effective_payload_fraction_ci95,completed_pkt_s_mean,completed_pkt_s_ci95,normalized_goodput_units_s_mean,normalized_goodput_units_s_ci95,goodput_bit_s_mean,jain_fairness_mean,collision_channel_fraction_mean,slo_completed_pkt_s_mean,slo_payload_airtime_fraction_mean,condition_elapsed_s,timeout_exceeded
sf_cb,saturation_throughput,1,162.5,162.5,18.0555555555556,1,0,0.025,fixed_theoretical_q,0,3,0.270725,0.00366390380377725,0.270725,0.00366390380377725,1666,22.5471003309369,1666,22.5471003309369,NaN,0.974648612930749,NaN,NaN,NaN,0.5749005,0
sb_cb,saturation_throughput,1,162.5,162.5,18.0555555555556,1,0,0.00237137370566166,maximum_effective_payload_throughput,0,3,0.314028666666667,0.0039659898686933,0.314028666666667,0.0039659898686933,1932,23.9515956323025,1932,23.9515956323025,NaN,0.982812757617365,0.0339928333333333,NaN,NaN,120.7718185,0
unslotted,saturation_throughput,1,162.5,162.5,18.0555555555556,1,0,0.00249804953296681,maximum_effective_payload_throughput,0,3,0.309995637980719,0.00396207505031945,0.309995637980719,0.00396207505031945,1907.33333333333,23.7457682779714,1907.33333333333,23.7457682779714,NaN,0.976532139747402,0.047792,NaN,NaN,18.6121717,0
sf_cb,saturation_throughput,2,325,325,36.1111111111111,2,0,0.025,fixed_theoretical_q,0,3,0.4257625,0.00573123726461691,0.4257625,0.00573123726461691,2620.33333333333,35.7188751844798,5240.66666666667,71.4377503689595,NaN,0.96911524411331,NaN,NaN,NaN,0.3175198,0
sb_cb,saturation_throughput,2,325,325,36.1111111111111,2,0,0.00249804953296681,maximum_effective_payload_throughput,0,3,0.438025833333333,0.00287943597850535,0.438025833333333,0.00287943597850535,2695.33333333333,19.2484019538708,5390.66666666667,38.4968039077416,NaN,0.973389057408905,0.0292271666666667,NaN,NaN,103.8731857,0
unslotted,saturation_throughput,2,325,325,36.1111111111111,2,0,0.00171906475047432,maximum_effective_payload_throughput,0,3,0.443668131543667,0.00639886392185121,0.443668131543667,0.00639886392185121,2730.66666666667,40.252968972625,5461.33333333333,80.50593794525,NaN,0.972525962363924,0.0230791666666667,NaN,NaN,14.5193933,0
sf_cb,saturation_throughput,3,487.5,487.5,54.1666666666667,3,0,0.025,fixed_theoretical_q,0,3,0.525866666666667,0.00823953532434393,0.525866666666667,0.00823953532434393,3236.66666666667,50.3575500242461,9710,151.072650072738,NaN,0.965814248562371,NaN,NaN,NaN,0.2876583,0
sb_cb,saturation_throughput,3,487.5,487.5,54.1666666666667,3,0,0.00173205080756888,maximum_effective_payload_throughput,0,3,0.525982833333333,0.00955803276667562,0.525982833333333,0.00955803276667562,3237,59.4820443495346,9711,178.446133048604,NaN,0.970003043513368,0.0152443333333333,NaN,NaN,93.8807797,0
unslotted,saturation_throughput,3,487.5,487.5,54.1666666666667,3,0,0.00156278032353728,maximum_effective_payload_throughput,0,3,0.517221341157671,0.00196633286932684,0.517221341157671,0.00196633286932684,3183,12.2401960768609,9549,36.7205882305826,NaN,0.962045510090524,0.0170955,NaN,NaN,11.6428719,0
sf_cb,saturation_throughput,4,650,650,72.2222222222222,4,0,0.025,fixed_theoretical_q,0,3,0.601754166666667,0.00815720418471368,0.601754166666667,0.00815720418471368,3703.66666666667,50.4210820105153,14814.6666666667,201.684328042061,NaN,0.963035074124848,NaN,NaN,NaN,0.2219409,0
sb_cb,saturation_throughput,4,650,650,72.2222222222222,4,0,0.001200936955176,maximum_effective_payload_throughput,0,3,0.570399666666667,0.0121451934207204,0.570399666666667,0.0121451934207204,3508,72.8459342265121,14032,291.383736906049,NaN,0.949632103204315,0.00778166666666667,NaN,NaN,86.0990456,0
unslotted,saturation_throughput,4,650,650,72.2222222222222,4,0,0.00156278032353728,maximum_effective_payload_throughput,0,3,0.558485727705747,0.00121595260655466,0.558485727705747,0.00121595260655466,3438.66666666667,6.91423009291546,13754.6666666667,27.6569203716619,NaN,0.953913051533101,0.015689,NaN,NaN,10.5297861,0
sf_cb,saturation_throughput,5,812.5,812.5,90.2777777777778,5,0,0.025,fixed_theoretical_q,0,3,0.649029166666667,0.00450094481130847,0.649029166666667,0.00450094481130847,3994.33333333333,27.8185006385639,19971.6666666667,139.092503192819,NaN,0.953224300188126,NaN,NaN,NaN,0.2023704,0
sb_cb,saturation_throughput,5,812.5,812.5,90.2777777777778,5,0,0.00146779926762207,maximum_effective_payload_throughput,0,3,0.604382333333333,0.00497648240387168,0.604382333333333,0.00497648240387168,3721.66666666667,32.1729354858673,18608.3333333333,160.864677429336,NaN,0.957011140946135,0.009715,NaN,NaN,71.8552641,0
unslotted,saturation_throughput,5,812.5,812.5,90.2777777777778,5,0,0.001,maximum_effective_payload_throughput,0,3,0.604575624818987,0.00510207874602812,0.604575624818987,0.00510207874602812,3721.66666666667,33.1530457793013,18608.3333333333,165.765228896506,NaN,0.954608424787265,0.007366,NaN,NaN,9.3671737,0
sf_cb,saturation_throughput,6,975,975,108.333333333333,6,0,0.025,fixed_theoretical_q,0,3,0.6916375,0.00564012846337153,0.6916375,0.00564012846337153,4256.33333333333,34.7005501077112,25538,208.203300646267,NaN,0.952333153677448,NaN,NaN,NaN,0.1818067,0
sb_cb,saturation_throughput,6,975,975,108.333333333333,6,0,0.000825404185268018,maximum_effective_payload_throughput,0,3,0.6316915,0.0122902159460443,0.6316915,0.0122902159460443,3884,75.7077750300456,23304,454.246650180274,NaN,0.936932492731155,0.0040165,NaN,NaN,68.5523118,0
unslotted,saturation_throughput,6,975,975,108.333333333333,6,0,0.000970345578465104,maximum_effective_payload_throughput,0,3,0.63102176146989,0.0100865152494657,0.63102176146989,0.0100865152494657,3882,64.7690296360846,23292,388.614177816507,NaN,0.949069282027417,0.00644766666666667,NaN,NaN,8.3319674,0
s7_clean,saturation_throughput,1,162.5,162.5,18.0555555555556,1,0,0.0126514899795262,maximum_effective_payload_throughput,0,3,0.502125,0.00150517227696142,0.502125,0.00150517227696142,3090,9.26259862745511,3090,9.26259862745511,NaN,0.985141313698279,0.023451499999976,0,0,30.0651654,0
s7_busy,saturation_throughput,1,162.5,162.5,18.0555555555556,1,0,0.0292401773821287,maximum_effective_payload_throughput,0,3,0.2291433,0.00469840790893654,0.2291433,0.00469840790893654,1410.33333333333,29.3418684552372,1410.33333333333,29.3418684552372,NaN,0.972449597098408,0.0908178333332398,1991.33333333333,0.323591666666667,90.0533973,0
s7_clean,saturation_throughput,2,325,325,36.1111111111111,2,0,0.0126514899795262,maximum_effective_payload_throughput,0,3,0.668294066666667,0.00178620150447193,0.668294066666667,0.00178620150447193,4113.33333333333,11.3912559057863,8226.66666666667,22.7825118115726,NaN,0.976654823262418,0.0160110999999838,0,0,27.0961332,0
s7_busy,saturation_throughput,2,325,325,36.1111111111111,2,0,0.0341995189335339,maximum_effective_payload_throughput,0,3,0.351758333333333,0.00595669747240682,0.351758333333333,0.00595669747240682,2164.66666666667,36.6565998301958,4329.33333333333,73.3131996603916,NaN,0.967224549542533,0.0765132999999217,1458.33333333333,0.236955766666667,65.9049408,0
s7_clean,saturation_throughput,3,487.5,487.5,54.1666666666667,3,0,0.0124902476648341,maximum_effective_payload_throughput,0,3,0.753182266666667,0.00174820522465806,0.753182266666667,0.00174820522465806,4636,9.8,13908,29.4,NaN,0.974008214568729,0.0113741999999881,0,0,28.4007319,0
s7_busy,saturation_throughput,3,487.5,487.5,54.1666666666667,3,0,0.0341995189335339,maximum_effective_payload_throughput,0,3,0.418624633333333,0.010263651580301,0.418624633333333,0.010263651580301,2577,63.6019244991848,7731,190.805773497554,NaN,0.954656215085295,0.0626648999999351,1181.33333333333,0.191946133333333,58.1279109,0
s7_clean,saturation_throughput,4,650,650,72.2222222222222,4,0,0.0104004191152595,maximum_effective_payload_throughput,0,3,0.802110066666667,0.000937351657194064,0.802110066666667,0.000937351657194064,4937.33333333333,6.91423009291546,19749.3333333333,27.6569203716619,NaN,0.963888896636258,0.00768069999999194,0,0,27.2222211,0
s7_busy,saturation_throughput,4,650,650,72.2222222222222,4,0,0.05,maximum_effective_payload_throughput,0,3,0.468708733333333,0.00252292489541627,0.468708733333333,0.00252292489541627,2886.66666666667,14.5504242015291,11546.6666666667,58.2016968061165,NaN,0.950256865017742,0.0812925999999154,906,0.147225,49.4006999,0
s7_clean,saturation_throughput,5,812.5,812.5,90.2777777777778,5,0,0.0124902476648341,maximum_effective_payload_throughput,0,3,0.836581266666667,0.000528390824903075,0.836581266666667,0.000528390824903075,5150,5.65803263805833,25750,28.2901631902917,NaN,0.969649345354148,0.00753829999999201,0,0,26.8949602,0
s7_busy,saturation_throughput,5,812.5,812.5,90.2777777777778,5,0,0.0341995189335339,maximum_effective_payload_throughput,0,3,0.514401433333333,0.00826433964000686,0.514401433333333,0.00826433964000686,3168.33333333333,49.4336367713771,15841.6666666667,247.168183856885,NaN,0.948011257616798,0.0460841999999531,850,0.1381138,46.2394725,0
s7_clean,saturation_throughput,6,975,975,108.333333333333,6,0,0.0104004191152595,maximum_effective_payload_throughput,0,3,0.858798266666667,0.00180756999757551,0.858798266666667,0.00180756999757551,5286,11.76,31716,70.56,NaN,0.959375566274187,0.0054734999999941,0,0,26.097048,0
s7_busy,saturation_throughput,6,975,975,108.333333333333,6,0,0.05,maximum_effective_payload_throughput,0,3,0.53885,0.0148162420674069,0.53885,0.0148162420674069,3316,91.176874260966,19896,547.061245565796,NaN,0.92140295271631,0.0627093999999353,701.333333333333,0.113931633333333,43.3267819,0
sf_cf,saturation_throughput,1,162.5,162.5,18.0555555555556,1,0,0.025,fixed_theoretical_q,0,3,0.371758333333333,0.00418907811391055,0.371758333333333,0.00418907811391055,2288,25.505115826699,2288,25.505115826699,NaN,0.983297198155588,NaN,NaN,NaN,0.5838281,0
sb_cf,saturation_throughput,1,162.5,162.5,18.0555555555556,1,0,0.000655038521807941,maximum_effective_payload_throughput,0,3,0.191966666666667,0.00173802323856092,0.191966666666667,0.00173802323856092,1181.33333333333,10.6955276219133,1181.33333333333,10.6955276219133,NaN,0.96988167865108,0.258314166666667,NaN,NaN,180.0028687,0
sf_cf,saturation_throughput,2,325,325,36.1111111111111,2,0,0.025,fixed_theoretical_q,0,3,0.374033333333333,0.0101749587768753,0.374033333333333,0.0101749587768753,2302,63.0051849718206,4604,126.010369943641,NaN,0.965538790947772,NaN,NaN,NaN,0.137802,0
sb_cf,saturation_throughput,2,325,325,36.1111111111111,2,0,0.000351064749729357,maximum_effective_payload_throughput,0,3,0.192291666666667,0.00165837634785085,0.192291666666667,0.00165837634785085,591.666666666667,5.10269645492568,1183.33333333333,10.2053929098514,NaN,0.939479339568594,0.300615,NaN,NaN,145.0033715,0
sf_cf,saturation_throughput,3,487.5,487.5,54.1666666666667,3,0,0.025,fixed_theoretical_q,0,3,0.3645,0.0167892823278225,0.3645,0.0167892823278225,2243.33333333333,103.220463948666,6730,309.661391845997,NaN,0.955926989312444,NaN,NaN,NaN,0.1026026,0
sb_cf,saturation_throughput,3,487.5,487.5,54.1666666666667,3,0,0.000225016218181544,maximum_effective_payload_throughput,0,3,0.198616833333333,0.00373396505876052,0.198616833333333,0.00373396505876052,407.666666666667,8.02829440859708,1223,24.0848832257912,NaN,0.894680992261455,0.274823333333333,NaN,NaN,141.6305611,0
sf_cf,saturation_throughput,4,650,650,72.2222222222222,4,0,0.025,fixed_theoretical_q,0,3,0.38335,0.00652197178773412,0.38335,0.00652197178773412,2359.33333333333,40.5066666666667,9437.33333333333,162.026666666667,NaN,0.935603761370103,NaN,NaN,NaN,0.0835644,0
sb_cf,saturation_throughput,4,650,650,72.2222222222222,4,0,0.000144224957030741,maximum_effective_payload_throughput,0,3,0.185499666666667,0.00759646883230477,0.185499666666667,0.00759646883230477,285.666666666667,12.0999026626021,1142.66666666667,48.3996106504082,NaN,0.882442851016932,0.223055,NaN,NaN,144.9469631,0
sf_cf,saturation_throughput,5,812.5,812.5,90.2777777777778,5,0,0.025,fixed_theoretical_q,0,3,0.365083333333333,0.012550588493285,0.365083333333333,0.012550588493285,2246.66666666667,77.2343907279077,11233.3333333333,386.171953639538,NaN,0.919414658519598,NaN,NaN,NaN,0.078041,0
sb_cf,saturation_throughput,5,812.5,812.5,90.2777777777778,5,0,0.000144224957030741,maximum_effective_payload_throughput,0,3,0.1925625,0.000919430303684472,0.1925625,0.000919430303684472,237,1.13160652761167,1185,5.65803263805833,NaN,0.83160930935619,0.315105,NaN,NaN,131.9763475,0
sf_cf,saturation_throughput,6,975,975,108.333333333333,6,0,0.025,fixed_theoretical_q,0,3,0.375333333333333,0.0207316008815314,0.375333333333333,0.0207316008815314,2310,127.082990207187,13860,762.497941243122,NaN,0.927498382576711,NaN,NaN,NaN,0.0623607,0
sb_cf,saturation_throughput,6,975,975,108.333333333333,6,0,7.40082804492285e-05,maximum_effective_payload_throughput,0,3,0.173323666666667,0.0113255674792294,0.173323666666667,0.0113255674792294,178,11.76,1068,70.56,NaN,0.801985325413313,0.144625,NaN,NaN,134.7016771,0
