protocol,load_mode,lambda_base,lambda_effective,M,Tp_us,best_q,q_source,cca_variant,cca_mode,rx_sens_dbm,n_eval_runs,stable_fraction,mean_delay_us,p95_delay_us,normalized_goodput_units_s,backlog_slope_pkt_s,raw_busy_opportunities,raw_misses,raw_miss_rate,eligible_tp,eligible_fn,eligible_fp,eligible_tn,eligible_fnr,eligible_fpr,harmful_missed_opportunities,false_alarm_opportunities,late_start_handshake,late_start_data,late_start_attempts,failed_attempts_or_events,rts_fail_total,rts_failure_detection_delay_us,mean_rts_failure_detection_delay_us,data_fail_sinr,data_failure_transaction_delay_us,mean_data_failure_transaction_delay_us,collision_channel_time_us,collision_tx_airtime_us
sb_cb,fixed_packet,30,30,1,190,0.05,primary_tuned,directional,directional,-62,1,1,712.720588235294,1459,1360,19.015606242497,217576,202185,0.929261499430084,54,285,0,1555,0.84070796460177,0,285,0,14,3,NaN,19,18,2300,127.777777777778,0,0,NaN,360,360
sb_cb,fixed_packet,30,30,1,190,0.05,primary_tuned,directional_-52dBm,directional,-52,1,1,712.720588235294,1459,1360,19.015606242497,217572,216983,0.997292850182928,0,334,0,1555,1,0,334,0,15,3,NaN,20,19,2365,124.473684210526,0,0,NaN,380,380
sb_cb,fixed_packet,30,30,1,190,0.05,primary_tuned,directional_-57dBm,directional,-57,1,1,712.720588235294,1459,1360,19.015606242497,217572,210253,0.966360561101612,19,315,0,1555,0.94311377245509,0,315,0,15,3,NaN,20,19,2365,124.473684210526,0,0,NaN,380,380
sb_cb,fixed_packet,30,30,1,190,0.05,primary_tuned,directional_-67dBm,directional,-67,1,1,712.720588235294,1459,1360,19.015606242497,217540,178755,0.821710949710398,87,268,4,1551,0.754929577464789,0.00257234726688103,268,4,13,3,NaN,18,17,2195,129.117647058824,0,0,NaN,340,340
sb_cb,fixed_packet,30,30,1,190,0.05,primary_tuned,directional_-72dBm,directional,-72,1,1,674.779411764706,1294,1360,19.015606242497,215968,131892,0.610701585420062,159,165,8,1544,0.509259259259259,0.00515463917525773,165,8,9,1,NaN,11,11,1095,99.5454545454545,0,0,NaN,220,220
sb_cb,fixed_packet,30,30,1,190,0.05,primary_tuned,disabled,disabled,-62,1,1,712.720588235294,1459,1360,19.015606242497,217572,202179,0.929251006563345,0,334,0,1555,1,0,334,0,15,3,NaN,20,19,2365,124.473684210526,0,0,NaN,380,380
sb_cb,fixed_packet,30,30,1,190,0.05,primary_tuned,oracle,oracle,-62,1,1,668.382352941176,1221.5,1360,19.015606242497,215992,200820,0.929756657653987,327,0,0,1515,0,0,0,0,4,0,NaN,5,5,290,58,0,0,NaN,100,100
sb_cb,fixed_packet,30,30,3,570,0.025,fallback_1_over_N,directional,directional,-62,1,0,NaN,NaN,900,1198.46338535414,956852,864372,0.903349734337181,12275,61779,129,15738,0.834242579739109,0.00813008130081301,61779,129,1456,3748,NaN,5775,5601,1013270,180.908766291734,73,55480,760,97820,153630
sb_cb,fixed_packet,30,30,3,570,0.025,fallback_1_over_N,directional_-52dBm,directional,-52,1,0,NaN,NaN,540,1198.46338535414,942915,933999,0.99054421660489,719,61509,0,16199,0.988445715754966,0,61509,0,1898,4884,NaN,7438,7260,1326960,182.776859504132,50,38000,760,101945,173700
sb_cb,fixed_packet,30,30,3,570,0.025,fallback_1_over_N,directional_-57dBm,directional,-57,1,0,NaN,NaN,600,1198.46338535414,960158,924109,0.962455137591938,5865,63775,0,16965,0.915781160252728,0,63775,0,1645,4199,NaN,6455,6278,1138515,181.349952214081,73,55480,760,102120,167170
sb_cb,fixed_packet,30,30,3,570,0.025,fallback_1_over_N,directional_-67dBm,directional,-67,1,0,NaN,NaN,1200,1176.85474189676,975374,751299,0.770267610167997,29544,58392,1094,18519,0.664028384279476,0.0557793300362005,58392,1094,1160,2746,NaN,4462,4298,766775,178.402745463006,91,69160,760,94050,137830
sb_cb,fixed_packet,30,30,3,570,0.025,fallback_1_over_N,directional_-72dBm,directional,-72,1,0,NaN,NaN,1680,1064.87394957983,956712,542452,0.566996128406459,32597,37915,1261,17368,0.537709893351486,0.0676901605024424,37915,1261,657,1455,NaN,2499,2352,413375,175.754676870748,84,63840,760,76025,94920
sb_cb,fixed_packet,30,30,3,570,0.025,fallback_1_over_N,disabled,disabled,-62,1,0,NaN,NaN,540,1198.46338535414,943418,842112,0.892618118373828,0,61094,0,16318,1,0,61094,0,1920,4973,NaN,7565,7387,1352935,183.150805469067,49,37240,760,102165,175670
sb_cb,fixed_packet,30,30,3,570,0.025,fallback_1_over_N,oracle,oracle,-62,1,1,5420.58823529412,14148,3600,-23.1452581032413,437648,411927,0.941229024238658,4674,0,0,4497,0,0,0,0,26,9,NaN,55,54,7035,130.277777777778,0,0,NaN,995,1080
sb_cb,fixed_packet,30,30,6,1140,0.025,fallback_1_over_N,directional,directional,-62,1,0,NaN,NaN,720,1198.46338535414,951445,858358,0.902162500197069,13067,51243,126,9711,0.796812315347535,0.0128087831655993,51243,126,999,5121,NaN,6501,6397,1169135,182.763013912772,41,54530,1330,105130,174680
sb_cb,fixed_packet,30,30,6,1140,0.025,fallback_1_over_N,directional_-52dBm,directional,-52,1,0,NaN,NaN,480,1198.46338535414,955704,946539,0.990410210692851,762,52036,0,8977,0.985567635137695,0,52036,0,1248,6643,NaN,8346,8240,1515820,183.958737864078,33,43890,1330,109995,202420
sb_cb,fixed_packet,30,30,6,1140,0.025,fallback_1_over_N,directional_-57dBm,directional,-57,1,0,NaN,NaN,720,1198.46338535414,984552,949162,0.964054717272424,5179,56795,0,8218,0.916432697582857,0,56795,0,1097,5893,NaN,7371,7267,1333925,183.559240401816,45,59850,1330,110290,196640
sb_cb,fixed_packet,30,30,6,1140,0.025,fallback_1_over_N,directional_-67dBm,directional,-67,1,0,NaN,NaN,600,1198.46338535414,939760,718868,0.764948497488721,28132,53589,883,11520,0.655755558546763,0.0711924534386842,53589,883,796,4152,NaN,5279,5175,941195,181.873429951691,48,63840,1330,101950,158220
sb_cb,fixed_packet,30,30,6,1140,0.025,fallback_1_over_N,directional_-72dBm,directional,-72,1,0,NaN,NaN,960,1198.46338535414,987464,527106,0.533797687814442,48649,43826,1485,11906,0.473922681805893,0.110895377492346,43826,1485,502,2439,NaN,3198,3101,560310,180.686875201548,61,81130,1330,97930,131560
sb_cb,fixed_packet,30,30,6,1140,0.025,fallback_1_over_N,disabled,disabled,-62,1,0,NaN,NaN,480,1198.46338535414,965848,865901,0.896518913949193,0,57868,0,8788,1,0,57868,0,1213,6555,NaN,8242,8136,1495115,183.765363815143,37,49210,1330,111400,204900
sb_cb,fixed_packet,30,30,6,1140,0.025,fallback_1_over_N,oracle,oracle,-62,1,1,27273.0147058824,66786,4200,504.969987995198,772072,729978,0.945479178107741,19146,0,0,5398,0,0,0,0,81,146,NaN,270,267,42080,157.602996254682,0,0,NaN,4890,5340
sb_cf,fixed_packet,30,30,1,190,0.01,primary_tuned,directional,directional,-62,1,0,NaN,NaN,620,1055.07803121249,983375,765348,0.778287021736367,68266,284161,352,18403,0.806297474370579,0.0187683284457478,284161,352,NaN,NaN,2831,2872,NaN,NaN,NaN,NaN,NaN,NaN,131365,545870
sb_cf,fixed_packet,30,30,1,190,0.01,primary_tuned,directional_-52dBm,directional,-52,1,0,NaN,NaN,500,1156.0144057623,965449,934704,0.968154713506358,14050,374053,0,11730,0.963798270046869,0,374053,0,NaN,NaN,3712,3737,NaN,NaN,NaN,NaN,NaN,NaN,133640,710325
sb_cf,fixed_packet,30,30,1,190,0.01,primary_tuned,directional_-57dBm,directional,-57,1,0,NaN,NaN,520,1142.47298919568,974856,879740,0.902430717972706,35407,345535,0,12958,0.907054092224013,0,345535,0,NaN,NaN,3420,3444,NaN,NaN,NaN,NaN,NaN,NaN,133485,654655
sb_cf,fixed_packet,30,30,1,190,0.01,primary_tuned,directional_-67dBm,directional,-67,1,1,2183.67647058824,6472.49999999999,1300,-247.587034813926,199137,165719,0.83218588208118,1859,9357,58,10783,0.834254636233951,0.00535005995756849,9357,58,NaN,NaN,78,105,NaN,NaN,NaN,NaN,NaN,NaN,13620,19950
sb_cf,fixed_packet,30,30,1,190,0.01,primary_tuned,directional_-72dBm,directional,-72,1,1,1391.17647058824,4103.5,1320,3.36134453781511,144274,86320,0.598306001081276,2193,3345,112,9652,0.604008667388949,0.011470708725932,3345,112,NaN,NaN,31,44,NaN,NaN,NaN,NaN,NaN,NaN,6350,8360
sb_cf,fixed_packet,30,30,1,190,0.01,primary_tuned,disabled,disabled,-62,1,0,NaN,NaN,500,1156.0144057623,961123,687029,0.71481901900173,0,384618,0,10849,1,0,384618,0,NaN,NaN,3830,3855,NaN,NaN,NaN,NaN,NaN,NaN,133645,732745
sb_cf,fixed_packet,30,30,1,190,0.01,primary_tuned,oracle,oracle,-62,1,1,1055.51470588235,3198.5,1340,-0.576230492196901,106782,101787,0.953222453222453,3276,0,0,8991,0,0,0,0,NaN,NaN,0,0,NaN,NaN,NaN,NaN,NaN,NaN,0,0
sb_cf,fixed_packet,30,30,3,570,0.025,fallback_1_over_N,directional,directional,-62,1,0,NaN,NaN,0,1198.46338535414,910251,255911,0.281143332992768,445437,128462,327,50,0.223840780346368,0.86737400530504,128462,327,NaN,NaN,2909,2897,NaN,NaN,NaN,NaN,NaN,NaN,154800,1655095
sb_cf,fixed_packet,30,30,3,570,0.025,fallback_1_over_N,directional_-52dBm,directional,-52,1,0,NaN,NaN,0,1198.46338535414,648029,537787,0.829881070137293,83025,229007,0,22,0.733921520869654,0,229007,0,NaN,NaN,5234,5211,NaN,NaN,NaN,NaN,NaN,NaN,154800,2977830
sb_cf,fixed_packet,30,30,3,570,0.025,fallback_1_over_N,directional_-57dBm,directional,-57,1,0,NaN,NaN,0,1198.46338535414,769671,403394,0.524112250559005,248745,184929,0,22,0.426423995904758,0,184929,0,NaN,NaN,4154,4136,NaN,NaN,NaN,NaN,NaN,NaN,154800,2364220
sb_cf,fixed_packet,30,30,3,570,0.025,fallback_1_over_N,directional_-67dBm,directional,-67,1,0,NaN,NaN,0,1198.46338535414,1023486,160657,0.15697039334197,585610,86833,14785,283,0.129130647504696,0.981218476241041,86833,14785,NaN,NaN,1902,1898,NaN,NaN,NaN,NaN,NaN,NaN,154800,1083885
sb_cf,fixed_packet,30,30,3,570,0.025,fallback_1_over_N,directional_-72dBm,directional,-72,1,0,NaN,NaN,0,1198.46338535414,1101091,103298,0.0938142260721412,669559,56387,39394,1936,0.0776738214688145,0.953157512702637,56387,39394,NaN,NaN,1187,1193,NaN,NaN,NaN,NaN,NaN,NaN,154575,681530
sb_cf,fixed_packet,30,30,3,570,0.025,fallback_1_over_N,disabled,disabled,-62,1,0,NaN,NaN,0,1198.46338535414,586077,117878,0.201130568167664,0,250080,0,22,1,0,250080,0,NaN,NaN,5783,5756,NaN,NaN,NaN,NaN,NaN,NaN,154800,3290335
sb_cf,fixed_packet,30,30,3,570,0.025,fallback_1_over_N,oracle,oracle,-62,1,1,1754.48529411765,4767.49999999999,3900,30.3481392557023,326118,310863,0.953222453222453,13266,0,0,3174,0,0,0,0,NaN,NaN,0,0,NaN,NaN,NaN,NaN,NaN,NaN,0,0
sb_cf,fixed_packet,30,30,6,1140,0.025,fallback_1_over_N,directional,directional,-62,1,0,NaN,NaN,0,1198.46338535414,877601,184987,0.210787134472272,469510,71957,54,25,0.132892678593525,0.683544303797468,71957,54,NaN,NaN,1594,1581,NaN,NaN,NaN,NaN,NaN,NaN,154810,1812170
sb_cf,fixed_packet,30,30,6,1140,0.025,fallback_1_over_N,directional_-52dBm,directional,-52,1,0,NaN,NaN,0,1198.46338535414,562738,432651,0.768832031958034,95510,131148,0,25,0.578616241209223,0,131148,0,NaN,NaN,2989,2962,NaN,NaN,NaN,NaN,NaN,NaN,154810,3393460
sb_cf,fixed_packet,30,30,6,1140,0.025,fallback_1_over_N,directional_-57dBm,directional,-57,1,0,NaN,NaN,0,1198.46338535414,711443,305987,0.430093486055805,271737,103626,0,25,0.276068765435059,0,103626,0,NaN,NaN,2328,2310,NaN,NaN,NaN,NaN,NaN,NaN,154810,2646630
sb_cf,fixed_packet,30,30,6,1140,0.025,fallback_1_over_N,directional_-67dBm,directional,-67,1,0,NaN,NaN,0,1198.46338535414,1007993,111708,0.110822198170027,608427,46699,16706,106,0.0712824708529352,0.99369497977635,46699,16706,NaN,NaN,1019,1011,NaN,NaN,NaN,NaN,NaN,NaN,154810,1157335
sb_cf,fixed_packet,30,30,6,1140,0.025,fallback_1_over_N,directional_-72dBm,directional,-72,1,0,NaN,NaN,0,1198.46338535414,1096087,63446,0.0578840913175688,692476,29008,38089,779,0.0402060198147152,0.979957805907173,29008,38089,NaN,NaN,624,623,NaN,NaN,NaN,NaN,NaN,NaN,154785,713305
sb_cf,fixed_packet,30,30,6,1140,0.025,fallback_1_over_N,disabled,disabled,-62,1,0,NaN,NaN,0,1198.46338535414,480268,82076,0.170896249593977,0,144188,0,25,1,0,144188,0,NaN,NaN,3355,3325,NaN,NaN,NaN,NaN,NaN,NaN,154810,3807640
sb_cf,fixed_packet,30,30,6,1140,0.025,fallback_1_over_N,oracle,oracle,-62,1,1,18007.2058823529,41065.5,5040,360.336134453782,665211,629673,0.946576349459044,152607,0,0,5335,0,0,0,0,NaN,NaN,4,13,NaN,NaN,NaN,NaN,NaN,NaN,9120,14820
