protocol,load_mode,lambda_base,lambda_effective,M,Tp_us,q,n_eval_runs,cca_mode,rx_sens_dbm,cca_truth_definition,raw_busy_opportunities,raw_misses,raw_miss_rate,eligible_tp,eligible_fn,eligible_fp,eligible_tn,eligible_fnr,eligible_fpr,eligible_decodable_negative,eligible_self_undecodable,eligible_control_harm,eligible_data_harm,eligible_rts_harm,harmful_missed_opportunities,false_alarm_opportunities,sinr_harmful_start_attempts,single_user_harmful_start_attempts,late_start_handshake,late_start_data,late_start_attempts,simultaneous_start_events,simultaneous_start_attempts,capture_successes,partial_collision_events,full_collision_events,icr_expected,icr_decoded,icr_miss_halfduplex,icr_miss_low_sinr,icr_miss_sector_timing,icr_winner_miss,nav_expected,nav_set,nav_not_set,nav_protection_violations,failed_attempts_or_events,rts_fail_total,rts_failure_detection_delay_us,mean_rts_failure_detection_delay_us,data_fail_sinr,data_failure_transaction_delay_us,mean_data_failure_transaction_delay_us,collision_waste_us,collision_channel_time_us,collision_tx_airtime_us
sb_cb,fixed_packet,15,15,1,190,0.05,1,directional,-62,counterfactual start corrupts an existing decodable RTS/CTS/data reception,128546,118974,0.925536383862586,0,116,0,1301,1,0,1301,126,65,33,18,116,0,NaN,NaN,6,1,NaN,2,4,45,1,0,1800,1766,2,32,0,2,1755,1723,32,1,13,10,1580,158,1,380,380,390,360,390
sb_cb,fixed_packet,15,15,2,380,0.05,1,directional,-62,counterfactual start corrupts an existing decodable RTS/CTS/data reception,207444,193212,0.931393532712443,72,711,0,1141,0.908045977011494,0,1141,1023,488,222,73,711,0,NaN,NaN,21,10,NaN,4,8,49,4,0,1960,1850,10,100,0,3,1911,1804,107,10,43,36,5900,163.888888888889,4,2280,570,2240,2070,2240
sb_cb,fixed_packet,15,15,3,570,0.05,1,directional,-62,counterfactual start corrupts an existing decodable RTS/CTS/data reception,406454,373669,0.919338965787026,1578,3683,0,2792,0.700057023379586,0,2792,8694,2542,2026,693,3683,0,NaN,NaN,141,155,NaN,87,177,76,23,0,3040,2448,24,568,0,11,2964,2383,581,170,372,338,54510,161.272189349112,23,17480,760,19870,16945,19870
sb_cb,fixed_packet,15,15,4,760,0.05,1,directional,-62,counterfactual start corrupts an existing decodable RTS/CTS/data reception,952497,849086,0.891431679049908,6715,27534,17,7064,0.803935881339601,0.00240079084875018,7081,113846,15184,15110,3955,27534,17,NaN,NaN,1100,3335,NaN,1664,3669,153,75,0,6120,3020,231,2869,0,62,5967,2929,3038,3686,4940,4804,865955,180.25707743547,75,71250,950,153080,98725,153080
sb_cb,fixed_packet,15,15,5,950,0.05,1,directional,-62,counterfactual start corrupts an existing decodable RTS/CTS/data reception,926143,834802,0.901374841682116,3744,26996,27,5315,0.878204294079375,0.00505428678397604,5342,113025,12156,15492,3092,26996,27,NaN,NaN,948,3692,NaN,1721,3735,130,55,0,5200,2419,182,2599,0,59,5070,2348,2722,3998,5034,4921,891030,181.066856330014,55,62700,1140,150670,95115,150670
sb_cb,fixed_packet,15,15,6,1140,0.05,1,directional,-62,counterfactual start corrupts an existing decodable RTS/CTS/data reception,919735,840040,0.913350041044431,4230,24387,12,5982,0.852185763706887,0.002002002002002,5994,111461,10961,14518,3138,24387,12,NaN,NaN,785,3611,NaN,1612,3465,112,42,0,4480,2232,177,2071,0,55,4368,2175,2193,3862,4781,4685,849445,181.311632870864,42,55860,1330,141580,93570,141580
sb_cb,fixed_packet,30,30,1,190,0.05,1,directional,-62,counterfactual start corrupts an existing decodable RTS/CTS/data reception,178268,166802,0.935681109340992,6,73,0,1551,0.924050632911392,0,1551,129,63,5,11,73,0,NaN,NaN,5,3,NaN,3,6,62,1,0,2480,2442,3,35,0,2,2418,2382,36,3,14,11,2005,182.272727272727,1,380,380,410,390,410
sb_cb,fixed_packet,30,30,2,380,0.025,1,directional,-62,counterfactual start corrupts an existing decodable RTS/CTS/data reception,283784,268177,0.94500394666366,56,622,0,3357,0.91740412979351,0,3357,1186,489,89,100,622,0,NaN,NaN,16,9,NaN,5,9,67,4,0,2680,2579,5,96,0,4,2613,2516,97,10,38,30,5210,173.666666666667,4,2280,570,2120,2005,2120
sb_cb,fixed_packet,30,30,4,760,0.01,1,directional,-62,counterfactual start corrupts an existing decodable RTS/CTS/data reception,848432,806297,0.950337799611519,1944,31690,0,19045,0.942201343878219,0,19045,62828,15626,15208,2800,31690,0,NaN,NaN,196,377,NaN,113,221,131,49,0,5240,4429,68,743,0,23,5109,4321,788,423,689,617,107865,174.821717990276,49,46550,950,49580,43970,49580
sb_cb,fixed_packet,5,5,1,190,0.05,1,directional,-62,counterfactual start corrupts an existing decodable RTS/CTS/data reception,23344,21396,0.916552433173406,0,0,0,193,NaN,0,193,0,0,0,0,0,0,NaN,NaN,0,0,NaN,0,0,8,0,0,320,320,0,0,0,0,312,312,0,0,0,0,0,NaN,0,0,NaN,0,0,0
sb_cb,fixed_packet,5,5,2,380,0.025,1,directional,-62,counterfactual start corrupts an existing decodable RTS/CTS/data reception,35200,32416,0.920909090909091,0,0,0,253,NaN,0,253,0,0,0,0,0,0,NaN,NaN,0,0,NaN,0,0,8,0,0,320,320,0,0,0,0,312,312,0,0,0,0,0,NaN,0,0,NaN,0,0,0
sb_cb,fixed_packet,5,5,3,570,0.05,1,directional,-62,counterfactual start corrupts an existing decodable RTS/CTS/data reception,47056,43436,0.923070384223053,0,0,0,164,NaN,0,164,0,0,0,0,0,0,NaN,NaN,0,0,NaN,0,0,8,0,0,320,320,0,0,0,0,312,312,0,0,0,0,0,NaN,0,0,NaN,0,0,0
sb_cb,fixed_packet,5,5,4,760,0.025,1,directional,-62,counterfactual start corrupts an existing decodable RTS/CTS/data reception,58912,54456,0.924361759913091,0,0,0,281,NaN,0,281,0,0,0,0,0,0,NaN,NaN,0,0,NaN,0,0,8,0,0,320,320,0,0,0,0,312,312,0,0,0,0,0,NaN,0,0,NaN,0,0,0
sb_cb,fixed_packet,5,5,5,950,0.025,1,directional,-62,counterfactual start corrupts an existing decodable RTS/CTS/data reception,70768,65476,0.925220438616324,0,0,0,388,NaN,0,388,0,0,0,0,0,0,NaN,NaN,0,0,NaN,0,0,8,0,0,320,320,0,0,0,0,312,312,0,0,0,0,0,NaN,0,0,NaN,0,0,0
sb_cb,fixed_packet,5,5,6,1140,0.05,1,directional,-62,counterfactual start corrupts an existing decodable RTS/CTS/data reception,82624,76496,0.925832687838885,0,0,0,160,NaN,0,160,0,0,0,0,0,0,NaN,NaN,0,0,NaN,0,0,8,0,0,320,320,0,0,0,0,312,312,0,0,0,0,0,NaN,0,0,NaN,0,0,0
sb_cb,fixed_payload,15,15,1,190,0.05,1,directional,-62,counterfactual start corrupts an existing decodable RTS/CTS/data reception,78786,72852,0.924682050110426,0,0,0,526,NaN,0,526,0,0,0,0,0,0,NaN,NaN,0,0,NaN,0,0,27,0,0,1080,1080,0,0,0,0,1053,1053,0,0,0,0,0,NaN,0,0,NaN,0,0,0
sb_cb,fixed_payload,15,7.5,2,380,0.05,1,directional,-62,counterfactual start corrupts an existing decodable RTS/CTS/data reception,61600,56928,0.924155844155844,0,0,0,353,NaN,0,353,0,0,0,0,0,0,NaN,NaN,0,0,NaN,0,0,14,0,0,560,560,0,0,0,0,546,546,0,0,0,0,0,NaN,0,0,NaN,0,0,0
sb_cb,fixed_payload,15,5,3,570,0.05,1,directional,-62,counterfactual start corrupts an existing decodable RTS/CTS/data reception,47056,43672,0.928085685141108,0,0,0,210,NaN,0,210,0,0,0,0,0,0,NaN,NaN,0,0,NaN,0,0,8,0,0,320,320,0,0,0,0,312,312,0,0,0,0,0,NaN,0,0,NaN,0,0,0
sb_cb,fixed_payload,15,3.75,4,760,0.05,1,directional,-62,counterfactual start corrupts an existing decodable RTS/CTS/data reception,58912,54768,0.929657794676806,0,0,0,170,NaN,0,170,0,0,0,0,0,0,NaN,NaN,0,0,NaN,0,0,8,0,0,320,320,0,0,0,0,312,312,0,0,0,0,0,NaN,0,0,NaN,0,0,0
sb_cb,fixed_payload,15,3,5,950,0.05,1,directional,-62,counterfactual start corrupts an existing decodable RTS/CTS/data reception,35384,32932,0.930703142663351,0,0,0,139,NaN,0,139,0,0,0,0,0,0,NaN,NaN,0,0,NaN,0,0,4,0,0,160,160,0,0,0,0,156,156,0,0,0,0,0,NaN,0,0,NaN,0,0,0
sb_cb,fixed_payload,15,2.5,6,1140,0.05,1,directional,-62,counterfactual start corrupts an existing decodable RTS/CTS/data reception,20656,19936,0.965143299767622,0,0,0,11,NaN,0,11,0,0,0,0,0,0,NaN,NaN,0,0,NaN,0,0,2,0,0,80,80,0,0,0,0,78,78,0,0,0,0,0,NaN,0,0,NaN,0,0,0
sb_cb,fixed_payload,30,30,1,190,0.05,1,directional,-62,counterfactual start corrupts an existing decodable RTS/CTS/data reception,1011001,877523,0.867974413477336,16598,61719,395,16593,0.788066447897647,0.0232517070873558,16988,256147,54814,10391,13112,61719,395,NaN,NaN,4287,4236,NaN,3523,9511,357,115,0,14280,4379,847,9054,0,212,13923,4234,9689,5898,10188,9861,1806730,183.219754588784,115,43700,380,219070,108330,219070
sb_cb,fixed_payload,30,15,2,380,0.05,1,directional,-62,counterfactual start corrupts an existing decodable RTS/CTS/data reception,182824,170834,0.934417800726382,47,462,4,1173,0.907662082514735,0.00339847068819031,1177,876,319,96,94,462,4,NaN,NaN,22,10,NaN,9,18,44,3,0,1760,1647,7,106,0,4,1716,1607,109,11,47,40,6470,161.75,3,1710,570,1940,1755,1940
sb_cb,fixed_payload,30,10,3,570,0.05,1,directional,-62,counterfactual start corrupts an existing decodable RTS/CTS/data reception,123522,116350,0.94193746862907,4,24,0,323,0.857142857142857,0,323,25,24,0,4,24,0,NaN,NaN,0,0,NaN,0,0,21,0,0,840,840,0,0,0,0,819,819,0,0,0,0,0,NaN,0,0,NaN,0,0,0
sb_cb,fixed_payload,30,7.5,4,760,0.05,1,directional,-62,counterfactual start corrupts an existing decodable RTS/CTS/data reception,117900,112572,0.954809160305343,0,7,0,531,1,0,531,5,5,0,2,7,0,NaN,NaN,0,0,NaN,1,2,16,0,0,640,640,0,0,0,0,624,624,0,0,1,1,185,185,0,0,NaN,20,20,20
sb_cb,fixed_payload,30,6,5,950,0.05,1,directional,-62,counterfactual start corrupts an existing decodable RTS/CTS/data reception,97306,93182,0.957618235257846,0,0,0,145,NaN,0,145,0,0,0,0,0,0,NaN,NaN,0,0,NaN,0,0,11,0,0,440,440,0,0,0,0,429,429,0,0,0,0,0,NaN,0,0,NaN,0,0,0
sb_cb,fixed_payload,30,5,6,1140,0.025,1,directional,-62,counterfactual start corrupts an existing decodable RTS/CTS/data reception,92952,89480,0.962647387899131,0,15,0,388,1,0,388,15,15,0,0,15,0,NaN,NaN,0,0,NaN,0,0,9,0,0,360,360,0,0,0,0,351,351,0,0,0,0,0,NaN,0,0,NaN,0,0,0
sb_cb,fixed_payload,5,5,1,190,0.05,1,directional,-62,counterfactual start corrupts an existing decodable RTS/CTS/data reception,40848,38006,0.930424990207599,0,34,0,329,1,0,329,39,18,16,0,34,0,NaN,NaN,1,0,NaN,0,0,14,0,0,560,553,1,6,0,0,546,539,7,0,1,1,185,185,0,0,NaN,20,20,20
sb_cb,fixed_payload,5,2.5,2,380,0.05,1,directional,-62,counterfactual start corrupts an existing decodable RTS/CTS/data reception,30800,28784,0.934545454545455,0,0,0,155,NaN,0,155,0,0,0,0,0,0,NaN,NaN,0,0,NaN,0,0,7,0,0,280,280,0,0,0,0,273,273,0,0,0,0,0,NaN,0,0,NaN,0,0,0
sb_cb,fixed_payload,5,1.66666666666667,3,570,0.025,1,directional,-62,counterfactual start corrupts an existing decodable RTS/CTS/data reception,29410,27472,0.934104046242775,0,0,0,109,NaN,0,109,0,0,0,0,0,0,NaN,NaN,0,0,NaN,0,0,5,0,0,200,200,0,0,0,0,195,195,0,0,0,0,0,NaN,0,0,NaN,0,0,0
sb_cf,fixed_packet,15,15,1,190,0.05,1,directional,-62,AP single-user lock or a start that is physically undecodable/harmful,925101,507344,0.548420118451931,149114,138514,235,1359,0.481573421224637,0.147427854454203,NaN,287596,NaN,NaN,NaN,138514,235,23,0,NaN,NaN,5637,546,1137,0,22,NaN,NaN,NaN,NaN,NaN,NaN,NaN,NaN,NaN,NaN,NaN,5636,NaN,NaN,NaN,NaN,NaN,NaN,1071720,139580,1071720
sb_cf,fixed_packet,15,15,2,380,0.05,1,directional,-62,AP single-user lock or a start that is physically undecodable/harmful,916562,335333,0.365859592695311,267862,98402,192,190,0.268664132975122,0.50261780104712,NaN,366256,NaN,NaN,NaN,98402,192,2,0,NaN,NaN,3899,291,600,0,2,NaN,NaN,NaN,NaN,NaN,NaN,NaN,NaN,NaN,NaN,NaN,3885,NaN,NaN,NaN,NaN,NaN,NaN,1478965,150305,1478965
sb_cf,fixed_packet,15,15,3,570,0.05,1,directional,-62,AP single-user lock or a start that is physically undecodable/harmful,909745,305099,0.335367603009635,259059,66523,129,459,0.204320263405225,0.219387755102041,NaN,325580,NaN,NaN,NaN,66523,129,11,0,NaN,NaN,2684,150,309,0,10,NaN,NaN,NaN,NaN,NaN,NaN,NaN,NaN,NaN,NaN,NaN,2671,NaN,NaN,NaN,NaN,NaN,NaN,1526840,150185,1526840
sb_cf,fixed_packet,30,30,1,190,0.01,1,directional,-62,AP single-user lock or a start that is physically undecodable/harmful,942066,779216,0.827135253793259,29734,258588,27,11872,0.896872247001616,0.00226909824354988,NaN,286920,NaN,NaN,NaN,258588,27,87,8,NaN,NaN,2601,138,282,1,82,NaN,NaN,NaN,NaN,NaN,NaN,NaN,NaN,NaN,NaN,NaN,2641,NaN,NaN,NaN,NaN,NaN,NaN,502175,125030,502175
sb_cf,fixed_packet,5,5,1,190,0.025,1,directional,-62,AP single-user lock or a start that is physically undecodable/harmful,11544,10730,0.92948717948718,0,0,0,297,NaN,0,NaN,0,NaN,NaN,NaN,0,0,0,0,NaN,NaN,0,0,0,0,0,NaN,NaN,NaN,NaN,NaN,NaN,NaN,NaN,NaN,NaN,NaN,0,NaN,NaN,NaN,NaN,NaN,NaN,0,0,0
sb_cf,fixed_packet,5,5,2,380,0.05,1,directional,-62,AP single-user lock or a start that is physically undecodable/harmful,23400,21750,0.92948717948718,0,0,0,228,NaN,0,NaN,0,NaN,NaN,NaN,0,0,0,0,NaN,NaN,0,0,0,0,0,NaN,NaN,NaN,NaN,NaN,NaN,NaN,NaN,NaN,NaN,NaN,0,NaN,NaN,NaN,NaN,NaN,NaN,0,0,0
sb_cf,fixed_packet,5,5,3,570,0.05,1,directional,-62,AP single-user lock or a start that is physically undecodable/harmful,35256,32770,0.92948717948718,0,0,0,164,NaN,0,NaN,0,NaN,NaN,NaN,0,0,0,0,NaN,NaN,0,0,0,0,0,NaN,NaN,NaN,NaN,NaN,NaN,NaN,NaN,NaN,NaN,NaN,0,NaN,NaN,NaN,NaN,NaN,NaN,0,0,0
sb_cf,fixed_packet,5,5,4,760,0.025,1,directional,-62,AP single-user lock or a start that is physically undecodable/harmful,47112,43790,0.92948717948718,0,28,0,315,1,0,NaN,28,NaN,NaN,NaN,28,0,0,0,NaN,NaN,0,0,0,0,0,NaN,NaN,NaN,NaN,NaN,NaN,NaN,NaN,NaN,NaN,NaN,0,NaN,NaN,NaN,NaN,NaN,NaN,0,0,0
sb_cf,fixed_packet,5,5,5,950,0.05,1,directional,-62,AP single-user lock or a start that is physically undecodable/harmful,65419,61261,0.936440483651539,0,31,0,230,1,0,NaN,31,NaN,NaN,NaN,31,0,0,0,NaN,NaN,1,0,0,0,0,NaN,NaN,NaN,NaN,NaN,NaN,NaN,NaN,NaN,NaN,NaN,1,NaN,NaN,NaN,NaN,NaN,NaN,950,950,950
sb_cf,fixed_packet,5,5,6,1140,0.025,1,directional,-62,AP single-user lock or a start that is physically undecodable/harmful,77437,72443,0.935508865271124,0,63,0,415,1,0,NaN,63,NaN,NaN,NaN,63,0,0,0,NaN,NaN,1,0,0,0,0,NaN,NaN,NaN,NaN,NaN,NaN,NaN,NaN,NaN,NaN,NaN,1,NaN,NaN,NaN,NaN,NaN,NaN,1140,1140,1140
sb_cf,fixed_payload,15,15,1,190,0.05,1,directional,-62,AP single-user lock or a start that is physically undecodable/harmful,38961,36778,0.943969610636277,0,0,0,527,NaN,0,NaN,0,NaN,NaN,NaN,0,0,0,0,NaN,NaN,0,0,0,0,0,NaN,NaN,NaN,NaN,NaN,NaN,NaN,NaN,NaN,NaN,NaN,0,NaN,NaN,NaN,NaN,NaN,NaN,0,0,0
sb_cf,fixed_payload,15,7.5,2,380,0.01,1,directional,-62,AP single-user lock or a start that is physically undecodable/harmful,47485,44260,0.932083815941876,90,255,0,1551,0.739130434782609,0,NaN,195,NaN,NaN,NaN,255,0,1,0,NaN,NaN,2,0,0,0,1,NaN,NaN,NaN,NaN,NaN,NaN,NaN,NaN,NaN,NaN,NaN,3,NaN,NaN,NaN,NaN,NaN,NaN,1140,850,1140
sb_cf,fixed_payload,15,5,3,570,0.05,1,directional,-62,AP single-user lock or a start that is physically undecodable/harmful,35256,32996,0.935897435897436,0,13,0,135,1,0,NaN,0,NaN,NaN,NaN,13,0,0,0,NaN,NaN,0,0,0,0,0,NaN,NaN,NaN,NaN,NaN,NaN,NaN,NaN,NaN,NaN,NaN,0,NaN,NaN,NaN,NaN,NaN,NaN,0,0,0
sb_cf,fixed_payload,15,3.75,4,760,0.05,1,directional,-62,AP single-user lock or a start that is physically undecodable/harmful,59628,55400,0.92909371436238,0,48,0,153,1,0,NaN,26,NaN,NaN,NaN,48,0,1,0,NaN,NaN,4,0,0,0,1,NaN,NaN,NaN,NaN,NaN,NaN,NaN,NaN,NaN,NaN,NaN,4,NaN,NaN,NaN,NaN,NaN,NaN,3040,2345,3040
sb_cf,fixed_payload,15,3,5,950,0.05,1,directional,-62,AP single-user lock or a start that is physically undecodable/harmful,45008,41606,0.924413437611091,0,39,0,133,1,0,NaN,29,NaN,NaN,NaN,39,0,1,0,NaN,NaN,4,0,0,0,1,NaN,NaN,NaN,NaN,NaN,NaN,NaN,NaN,NaN,NaN,NaN,4,NaN,NaN,NaN,NaN,NaN,NaN,3800,2970,3800
sb_cf,fixed_payload,15,2.5,6,1140,0.01,1,directional,-62,AP single-user lock or a start that is physically undecodable/harmful,17706,17252,0.974358974358974,0,0,0,399,NaN,0,NaN,0,NaN,NaN,NaN,0,0,0,0,NaN,NaN,0,0,0,0,0,NaN,NaN,NaN,NaN,NaN,NaN,NaN,NaN,NaN,NaN,NaN,0,NaN,NaN,NaN,NaN,NaN,NaN,0,0,0
sb_cf,fixed_payload,30,30,1,190,0.025,1,directional,-62,AP single-user lock or a start that is physically undecodable/harmful,934294,512221,0.548243914656414,311817,267161,678,2603,0.461435494958358,0.206644315757391,NaN,578782,NaN,NaN,NaN,267161,678,26,2,NaN,NaN,5818,574,1193,0,25,NaN,NaN,NaN,NaN,NaN,NaN,NaN,NaN,NaN,NaN,NaN,5820,NaN,NaN,NaN,NaN,NaN,NaN,1106795,140080,1106795
sb_cf,fixed_payload,30,15,2,380,0.05,1,directional,-62,AP single-user lock or a start that is physically undecodable/harmful,919831,382238,0.415552422129717,250112,90918,214,560,0.266598246488579,0.276485788113695,NaN,341030,NaN,NaN,NaN,90918,214,6,0,NaN,NaN,3716,248,515,0,6,NaN,NaN,NaN,NaN,NaN,NaN,NaN,NaN,NaN,NaN,NaN,3709,NaN,NaN,NaN,NaN,NaN,NaN,1411285,149075,1411285
sb_cf,fixed_payload,30,10,3,570,0.05,1,directional,-62,AP single-user lock or a start that is physically undecodable/harmful,978994,540534,0.552132086611358,126545,46791,48,136,0.269943923939632,0.260869565217391,NaN,173336,NaN,NaN,NaN,46791,48,8,0,NaN,NaN,1984,96,193,0,8,NaN,NaN,NaN,NaN,NaN,NaN,NaN,NaN,NaN,NaN,NaN,1978,NaN,NaN,NaN,NaN,NaN,NaN,1130435,149300,1130435
sb_cf,fixed_payload,30,7.5,4,760,0.05,1,directional,-62,AP single-user lock or a start that is physically undecodable/harmful,1006122,649468,0.645516150128911,76390,29513,161,294,0.278679546377345,0.353846153846154,NaN,105903,NaN,NaN,NaN,29513,161,16,0,NaN,NaN,1274,50,100,0,14,NaN,NaN,NaN,NaN,NaN,NaN,NaN,NaN,NaN,NaN,NaN,1270,NaN,NaN,NaN,NaN,NaN,NaN,968220,149090,968220
sb_cf,fixed_payload,30,6,5,950,0.05,1,directional,-62,AP single-user lock or a start that is physically undecodable/harmful,852800,569196,0.667443714821764,28143,17670,0,132,0.38569838255517,0,NaN,45813,NaN,NaN,NaN,17670,0,2,0,NaN,NaN,733,14,28,0,2,NaN,NaN,NaN,NaN,NaN,NaN,NaN,NaN,NaN,NaN,NaN,729,NaN,NaN,NaN,NaN,NaN,NaN,695180,122050,695180
sb_cf,fixed_payload,30,5,6,1140,0.05,1,directional,-62,AP single-user lock or a start that is physically undecodable/harmful,843787,563387,0.667688646542315,5405,14676,0,108,0.730840097604701,0,NaN,20081,NaN,NaN,NaN,14676,0,2,0,NaN,NaN,620,6,12,0,2,NaN,NaN,NaN,NaN,NaN,NaN,NaN,NaN,NaN,NaN,NaN,618,NaN,NaN,NaN,NaN,NaN,NaN,706640,121965,706640
sb_cf,fixed_payload,5,5,1,190,0.05,1,directional,-62,AP single-user lock or a start that is physically undecodable/harmful,20202,19277,0.954212454212454,0,37,0,363,1,0,NaN,37,NaN,NaN,NaN,37,0,0,0,NaN,NaN,0,0,0,0,0,NaN,NaN,NaN,NaN,NaN,NaN,NaN,NaN,NaN,NaN,NaN,0,NaN,NaN,NaN,NaN,NaN,NaN,0,0,0
sb_cf,fixed_payload,5,2.5,2,380,0.05,1,directional,-62,AP single-user lock or a start that is physically undecodable/harmful,20475,19425,0.948717948717949,0,0,0,96,NaN,0,NaN,0,NaN,NaN,NaN,0,0,0,0,NaN,NaN,0,0,0,0,0,NaN,NaN,NaN,NaN,NaN,NaN,NaN,NaN,NaN,NaN,NaN,0,NaN,NaN,NaN,NaN,NaN,NaN,0,0,0
sb_cf,fixed_payload,5,1.66666666666667,3,570,0.01,1,directional,-62,AP single-user lock or a start that is physically undecodable/harmful,22035,20792,0.943589743589744,0,2,0,473,1,0,NaN,2,NaN,NaN,NaN,2,0,0,0,NaN,NaN,0,0,0,0,0,NaN,NaN,NaN,NaN,NaN,NaN,NaN,NaN,NaN,NaN,NaN,0,NaN,NaN,NaN,NaN,NaN,NaN,0,0,0
