protocol,load_mode,lambda_base,lambda_effective,M,Tp_us,best_q,stable_fraction,stability_class,arrival_rate_pkt_s,goodput_pkt_s,rate_relative_error,rate_threshold,rate_check_status,little_relative_error,little_threshold,little_check_status,n_aloha_probability_tests,aloha_ci95_coverage_fraction,aloha_ci95_all_inside,aloha_probability_check_status,aloha_controlled_file_status,aloha_controlled_available,aloha_controlled_K,aloha_controlled_q,aloha_controlled_trials,aloha_controlled_probability_pass,aloha_controlled_service_relative_error,aloha_controlled_preregistered_parameters_valid,aloha_controlled_probability_status,aloha_controlled_service_status,aloha_controlled_hard_gate_status,overall_status
sb_cf,fixed_packet,5,5,1,190,0.01,1,stable,197,197,0,0.05,pass,9.40038461546736e-17,0.05,pass,0,NaN,NaN,not_applicable,not_applicable,NaN,NaN,NaN,NaN,NaN,NaN,NaN,not_applicable,not_applicable,not_applicable,pass
sb_cb,fixed_packet,5,5,1,190,0.2,1,stable,197,197,0,0.05,pass,7.45516401171875e-17,0.05,pass,0,NaN,NaN,not_applicable,not_applicable,NaN,NaN,NaN,NaN,NaN,NaN,NaN,not_applicable,not_applicable,not_applicable,pass
s7_clean,fixed_packet,5,5,1,190,0.5,1,stable,197,197,0,0.05,pass,0,0.05,pass,0,NaN,NaN,not_applicable,not_applicable,NaN,NaN,NaN,NaN,NaN,NaN,NaN,not_applicable,not_applicable,not_applicable,pass
sb_cf,fixed_packet,5,5,2,380,0.005,1,stable,197,197.5,0.00253807106598985,0.05,pass,0.00836440187696867,0.05,pass,0,NaN,NaN,not_applicable,not_applicable,NaN,NaN,NaN,NaN,NaN,NaN,NaN,not_applicable,not_applicable,not_applicable,pass
sb_cb,fixed_packet,5,5,2,380,0.2,1,stable,197,197.5,0.00253807106598985,0.05,pass,0.00020633021086951,0.05,pass,0,NaN,NaN,not_applicable,not_applicable,NaN,NaN,NaN,NaN,NaN,NaN,NaN,not_applicable,not_applicable,not_applicable,pass
sb_cf,fixed_packet,5,5,3,570,0.002,1,stable,197,195.5,0.00761421319796954,0.05,pass,0.0113778666334398,0.05,pass,0,NaN,NaN,not_applicable,not_applicable,NaN,NaN,NaN,NaN,NaN,NaN,NaN,not_applicable,not_applicable,not_applicable,pass
sb_cb,fixed_packet,5,5,3,570,0.2,1,stable,197,197.5,0.00253807106598985,0.05,pass,0.000688684612390358,0.05,pass,0,NaN,NaN,not_applicable,not_applicable,NaN,NaN,NaN,NaN,NaN,NaN,NaN,not_applicable,not_applicable,not_applicable,pass
sb_cf,fixed_packet,5,5,4,760,0.001,1,stable,197,195,0.0101522842639594,0.05,pass,0.00793367654926479,0.05,pass,0,NaN,NaN,not_applicable,not_applicable,NaN,NaN,NaN,NaN,NaN,NaN,NaN,not_applicable,not_applicable,not_applicable,pass
sb_cf,fixed_packet,5,5,5,950,0.0005,1,stable,197,194.5,0.0126903553299492,0.05,pass,0.0169235574646817,0.05,pass,0,NaN,NaN,not_applicable,not_applicable,NaN,NaN,NaN,NaN,NaN,NaN,NaN,not_applicable,not_applicable,not_applicable,pass
sb_cf,fixed_packet,5,5,6,1140,0.0002,1,stable,197,197.5,0.00253807106598985,0.05,pass,0.00914594512952723,0.05,pass,0,NaN,NaN,not_applicable,not_applicable,NaN,NaN,NaN,NaN,NaN,NaN,NaN,not_applicable,not_applicable,not_applicable,pass
sb_cf,fixed_packet,10,10,1,190,0.01,1,stable,375.5,375.5,0,0.05,pass,0,0.05,pass,0,NaN,NaN,not_applicable,not_applicable,NaN,NaN,NaN,NaN,NaN,NaN,NaN,not_applicable,not_applicable,not_applicable,pass
sf_cf,fixed_packet,10,10,2,380,0.2,1,stable,375.5,376,0.00133155792276964,0.05,pass,0.000475531126309469,0.05,pass,0,NaN,NaN,not_applicable,not_applicable,NaN,NaN,NaN,NaN,NaN,NaN,NaN,not_applicable,not_applicable,not_applicable,pass
sb_cf,fixed_packet,10,10,2,380,0.002,0.5,mixed,375.5,322,NaN,0.05,not_applicable,NaN,0.05,not_applicable,0,NaN,NaN,not_applicable,not_applicable,NaN,NaN,NaN,NaN,NaN,NaN,NaN,not_applicable,not_applicable,not_applicable,not_applicable
sf_cb,fixed_packet,10,10,3,570,0.5,0.5,mixed,375.5,349.5,NaN,0.05,not_applicable,NaN,0.05,not_applicable,23,1,1,diagnostic_only,present,1,40,0.025,11465,1,0.0088487396849692,1,pass,pass,pass,not_applicable
sb_cf,fixed_packet,10,10,3,570,0.0002,1,stable,375.5,364.5,0.0292942743009321,0.05,pass,0.0549666970460446,0.05,fail,0,NaN,NaN,not_applicable,not_applicable,NaN,NaN,NaN,NaN,NaN,NaN,NaN,not_applicable,not_applicable,not_applicable,fail
sf_cb,fixed_packet,10,10,4,760,0.5,0.5,mixed,375.5,235,NaN,0.05,not_applicable,NaN,0.05,not_applicable,35,1,1,diagnostic_only,present,1,40,0.025,11465,1,0.0088487396849692,1,pass,pass,pass,not_applicable
sb_cf,fixed_packet,10,10,4,760,NaN,0,unstable,NaN,NaN,NaN,0.05,not_applicable,NaN,0.05,not_applicable,0,NaN,NaN,not_applicable,not_applicable,NaN,NaN,NaN,NaN,NaN,NaN,NaN,not_applicable,not_applicable,not_applicable,not_applicable
sf_cb,fixed_packet,10,10,5,950,0.2,1,stable,375.5,375,0.00133155792276964,0.05,pass,0.000429071373341192,0.05,pass,6,1,1,diagnostic_only,present,1,40,0.025,11465,1,0.0088487396849692,1,pass,pass,pass,pass
sb_cf,fixed_packet,10,10,5,950,NaN,0,unstable,NaN,NaN,NaN,0.05,not_applicable,NaN,0.05,not_applicable,0,NaN,NaN,not_applicable,not_applicable,NaN,NaN,NaN,NaN,NaN,NaN,NaN,not_applicable,not_applicable,not_applicable,not_applicable
sb_cb,fixed_packet,10,10,5,950,0.01,1,stable,375.5,375,0.00133155792276964,0.05,pass,0.00110009415653038,0.05,pass,0,NaN,NaN,not_applicable,not_applicable,NaN,NaN,NaN,NaN,NaN,NaN,NaN,not_applicable,not_applicable,not_applicable,pass
s7_busy,fixed_packet,10,10,5,950,0.2,1,stable,375.5,375.5,0,0.05,pass,0.0107695400721901,0.05,pass,0,NaN,NaN,not_applicable,not_applicable,NaN,NaN,NaN,NaN,NaN,NaN,NaN,not_applicable,not_applicable,not_applicable,pass
sf_cb,fixed_packet,10,10,6,1140,0.2,1,stable,375.5,373.5,0.00532623169107856,0.05,pass,0.00531447308169241,0.05,pass,7,1,1,diagnostic_only,present,1,40,0.025,11465,1,0.0088487396849692,1,pass,pass,pass,pass
sb_cf,fixed_packet,10,10,6,1140,NaN,0,unstable,NaN,NaN,NaN,0.05,not_applicable,NaN,0.05,not_applicable,0,NaN,NaN,not_applicable,not_applicable,NaN,NaN,NaN,NaN,NaN,NaN,NaN,not_applicable,not_applicable,not_applicable,not_applicable
sb_cb,fixed_packet,10,10,6,1140,0.005,1,stable,375.5,374,0.00399467376830892,0.05,pass,0.00564071818622324,0.05,pass,0,NaN,NaN,not_applicable,not_applicable,NaN,NaN,NaN,NaN,NaN,NaN,NaN,not_applicable,not_applicable,not_applicable,pass
s7_busy,fixed_packet,10,10,6,1140,0.1,1,stable,375.5,370.5,0.0133155792276964,0.05,pass,0.0212442985518023,0.05,pass,0,NaN,NaN,not_applicable,not_applicable,NaN,NaN,NaN,NaN,NaN,NaN,NaN,not_applicable,not_applicable,not_applicable,pass
sb_cf,fixed_packet,15,15,1,190,0.005,1,stable,603.5,604,0.000828500414250207,0.05,pass,1.19124766516811e-05,0.05,pass,0,NaN,NaN,not_applicable,not_applicable,NaN,NaN,NaN,NaN,NaN,NaN,NaN,not_applicable,not_applicable,not_applicable,pass
sf_cf,fixed_packet,15,15,2,380,0.2,0.5,mixed,603.5,411.5,NaN,0.05,not_applicable,NaN,0.05,not_applicable,0,NaN,NaN,not_applicable,not_applicable,NaN,NaN,NaN,NaN,NaN,NaN,NaN,not_applicable,not_applicable,not_applicable,not_applicable
sb_cf,fixed_packet,15,15,2,380,0.0005,1,stable,603.5,581,0.0372825186412593,0.05,pass,0.047399893673312,0.05,pass,0,NaN,NaN,not_applicable,not_applicable,NaN,NaN,NaN,NaN,NaN,NaN,NaN,not_applicable,not_applicable,not_applicable,pass
sb_cb,fixed_packet,15,15,2,380,0.02,1,stable,603.5,603.5,0,0.05,pass,7.81033165873003e-17,0.05,pass,0,NaN,NaN,not_applicable,not_applicable,NaN,NaN,NaN,NaN,NaN,NaN,NaN,not_applicable,not_applicable,not_applicable,pass
sf_cf,fixed_packet,15,15,3,570,0.1,0,unstable,603.5,187,NaN,0.05,not_applicable,NaN,0.05,not_applicable,0,NaN,NaN,not_applicable,not_applicable,NaN,NaN,NaN,NaN,NaN,NaN,NaN,not_applicable,not_applicable,not_applicable,not_applicable
sb_cf,fixed_packet,15,15,3,570,NaN,0,unstable,NaN,NaN,NaN,0.05,not_applicable,NaN,0.05,not_applicable,0,NaN,NaN,not_applicable,not_applicable,NaN,NaN,NaN,NaN,NaN,NaN,NaN,not_applicable,not_applicable,not_applicable,not_applicable
sb_cb,fixed_packet,15,15,3,570,0.005,1,stable,603.5,604.5,0.00165700082850041,0.05,pass,0.000279414165391447,0.05,pass,0,NaN,NaN,not_applicable,not_applicable,NaN,NaN,NaN,NaN,NaN,NaN,NaN,not_applicable,not_applicable,not_applicable,pass
s7_busy,fixed_packet,15,15,3,570,0.2,0.5,mixed,603.5,406.5,NaN,0.05,not_applicable,NaN,0.05,not_applicable,0,NaN,NaN,not_applicable,not_applicable,NaN,NaN,NaN,NaN,NaN,NaN,NaN,not_applicable,not_applicable,not_applicable,not_applicable
sf_cf,fixed_packet,15,15,4,760,0.025,1,stable,603.5,499,0.173156586578293,0.05,fail,0.231571823621868,0.05,fail,0,NaN,NaN,not_applicable,not_applicable,NaN,NaN,NaN,NaN,NaN,NaN,NaN,not_applicable,not_applicable,not_applicable,fail
sf_cb,fixed_packet,15,15,4,760,0.2,0.5,mixed,603.5,308,NaN,0.05,not_applicable,NaN,0.05,not_applicable,31,0.967741935483871,0,diagnostic_only,present,1,40,0.025,11465,1,0.0088487396849692,1,pass,pass,pass,not_applicable
sb_cf,fixed_packet,15,15,4,760,NaN,0,unstable,NaN,NaN,NaN,0.05,not_applicable,NaN,0.05,not_applicable,0,NaN,NaN,not_applicable,not_applicable,NaN,NaN,NaN,NaN,NaN,NaN,NaN,not_applicable,not_applicable,not_applicable,not_applicable
sb_cb,fixed_packet,15,15,4,760,0.005,1,stable,603.5,606.5,0.00497100248550124,0.05,pass,0.0152876324762997,0.05,pass,0,NaN,NaN,not_applicable,not_applicable,NaN,NaN,NaN,NaN,NaN,NaN,NaN,not_applicable,not_applicable,not_applicable,pass
sf_cf,fixed_packet,15,15,5,950,NaN,0,unstable,NaN,NaN,NaN,0.05,not_applicable,NaN,0.05,not_applicable,0,NaN,NaN,not_applicable,not_applicable,NaN,NaN,NaN,NaN,NaN,NaN,NaN,not_applicable,not_applicable,not_applicable,not_applicable
sb_cf,fixed_packet,15,15,5,950,NaN,0,unstable,NaN,NaN,NaN,0.05,not_applicable,NaN,0.05,not_applicable,0,NaN,NaN,not_applicable,not_applicable,NaN,NaN,NaN,NaN,NaN,NaN,NaN,not_applicable,not_applicable,not_applicable,not_applicable
sb_cb,fixed_packet,15,15,5,950,0.002,1,stable,603.5,603,0.000828500414250207,0.05,pass,0.0350114610042215,0.05,pass,0,NaN,NaN,not_applicable,not_applicable,NaN,NaN,NaN,NaN,NaN,NaN,NaN,not_applicable,not_applicable,not_applicable,pass
s7_busy,fixed_packet,15,15,5,950,0.05,1,stable,603.5,498.5,0.173985086992544,0.05,fail,0.217581654832632,0.05,fail,0,NaN,NaN,not_applicable,not_applicable,NaN,NaN,NaN,NaN,NaN,NaN,NaN,not_applicable,not_applicable,not_applicable,fail
sf_cf,fixed_packet,15,15,6,1140,NaN,0,unstable,NaN,NaN,NaN,0.05,not_applicable,NaN,0.05,not_applicable,0,NaN,NaN,not_applicable,not_applicable,NaN,NaN,NaN,NaN,NaN,NaN,NaN,not_applicable,not_applicable,not_applicable,not_applicable
sb_cf,fixed_packet,15,15,6,1140,NaN,0,unstable,NaN,NaN,NaN,0.05,not_applicable,NaN,0.05,not_applicable,0,NaN,NaN,not_applicable,not_applicable,NaN,NaN,NaN,NaN,NaN,NaN,NaN,not_applicable,not_applicable,not_applicable,not_applicable
sb_cb,fixed_packet,15,15,6,1140,0.001,1,stable,603.5,559,0.0737365368682684,0.05,fail,0.0769552011111908,0.05,fail,0,NaN,NaN,not_applicable,not_applicable,NaN,NaN,NaN,NaN,NaN,NaN,NaN,not_applicable,not_applicable,not_applicable,fail
s7_busy,fixed_packet,15,15,6,1140,NaN,0,unstable,NaN,NaN,NaN,0.05,not_applicable,NaN,0.05,not_applicable,0,NaN,NaN,not_applicable,not_applicable,NaN,NaN,NaN,NaN,NaN,NaN,NaN,not_applicable,not_applicable,not_applicable,not_applicable
sb_cf,fixed_payload,5,5,1,190,0.01,1,stable,199.5,199.5,0,0.05,pass,0,0.05,pass,0,NaN,NaN,not_applicable,not_applicable,NaN,NaN,NaN,NaN,NaN,NaN,NaN,not_applicable,not_applicable,not_applicable,pass
sb_cb,fixed_payload,5,5,1,190,0.2,1,stable,199.5,199.5,0,0.05,pass,7.30179301684439e-17,0.05,pass,0,NaN,NaN,not_applicable,not_applicable,NaN,NaN,NaN,NaN,NaN,NaN,NaN,not_applicable,not_applicable,not_applicable,pass
sb_cf,fixed_payload,5,2.5,2,380,0.01,1,stable,98.5,97,0.0152284263959391,0.05,pass,0.00845918279684408,0.05,pass,0,NaN,NaN,not_applicable,not_applicable,NaN,NaN,NaN,NaN,NaN,NaN,NaN,not_applicable,not_applicable,not_applicable,pass
sb_cf,fixed_payload,5,1.66666666666667,3,570,0.01,1,stable,67,67,0,0.05,pass,0,0.05,pass,0,NaN,NaN,not_applicable,not_applicable,NaN,NaN,NaN,NaN,NaN,NaN,NaN,not_applicable,not_applicable,not_applicable,pass
sb_cf,fixed_payload,5,1.25,4,760,0.005,1,stable,48.5,48.5,0,0.05,pass,0,0.05,pass,0,NaN,NaN,not_applicable,not_applicable,NaN,NaN,NaN,NaN,NaN,NaN,NaN,not_applicable,not_applicable,not_applicable,pass
sf_cf,fixed_payload,5,1,5,950,0.5,1,stable,37.5,37.5,0,0.05,pass,7.49300135403836e-17,0.05,pass,0,NaN,NaN,not_applicable,not_applicable,NaN,NaN,NaN,NaN,NaN,NaN,NaN,not_applicable,not_applicable,not_applicable,pass
sb_cf,fixed_payload,5,1,5,950,0.005,1,stable,37.5,37.5,0,0.05,pass,0,0.05,pass,0,NaN,NaN,not_applicable,not_applicable,NaN,NaN,NaN,NaN,NaN,NaN,NaN,not_applicable,not_applicable,not_applicable,pass
sb_cf,fixed_payload,5,0.833333333333333,6,1140,0.01,0.5,mixed,32.5,29.5,NaN,0.05,not_applicable,NaN,0.05,not_applicable,0,NaN,NaN,not_applicable,not_applicable,NaN,NaN,NaN,NaN,NaN,NaN,NaN,not_applicable,not_applicable,not_applicable,not_applicable
sb_cf,fixed_payload,10,10,1,190,0.01,1,stable,383,383,0,0.05,pass,7.33217335207939e-17,0.05,pass,0,NaN,NaN,not_applicable,not_applicable,NaN,NaN,NaN,NaN,NaN,NaN,NaN,not_applicable,not_applicable,not_applicable,pass
sb_cf,fixed_payload,10,5,2,380,0.005,1,stable,189.5,189.5,0,0.05,pass,9.10257628742913e-17,0.05,pass,0,NaN,NaN,not_applicable,not_applicable,NaN,NaN,NaN,NaN,NaN,NaN,NaN,not_applicable,not_applicable,not_applicable,pass
sb_cb,fixed_payload,10,5,2,380,0.2,1,stable,189.5,189.5,0,0.05,pass,0,0.05,pass,0,NaN,NaN,not_applicable,not_applicable,NaN,NaN,NaN,NaN,NaN,NaN,NaN,not_applicable,not_applicable,not_applicable,pass
sb_cf,fixed_payload,10,3.33333333333333,3,570,0.005,1,stable,119.5,119.5,0,0.05,pass,1.68112295610894e-16,0.05,pass,0,NaN,NaN,not_applicable,not_applicable,NaN,NaN,NaN,NaN,NaN,NaN,NaN,not_applicable,not_applicable,not_applicable,pass
sf_cb,fixed_payload,10,2.5,4,760,0.5,1,stable,88,88,0,0.05,pass,0,0.05,pass,1,1,1,diagnostic_only,present,1,40,0.025,11465,1,0.0088487396849692,1,pass,pass,pass,pass
sb_cf,fixed_payload,10,2.5,4,760,0.002,1,stable,88,87.5,0.00568181818181818,0.05,pass,0.00020020666494457,0.05,pass,0,NaN,NaN,not_applicable,not_applicable,NaN,NaN,NaN,NaN,NaN,NaN,NaN,not_applicable,not_applicable,not_applicable,pass
s7_clean,fixed_payload,10,2.5,4,760,0.5,1,stable,88,88,0,0.05,pass,0,0.05,pass,0,NaN,NaN,not_applicable,not_applicable,NaN,NaN,NaN,NaN,NaN,NaN,NaN,not_applicable,not_applicable,not_applicable,pass
sf_cb,fixed_payload,10,2,5,950,0.5,1,stable,68.5,68.5,0,0.05,pass,0,0.05,pass,1,1,1,diagnostic_only,present,1,40,0.025,11465,1,0.0088487396849692,1,pass,pass,pass,pass
sb_cf,fixed_payload,10,2,5,950,0.001,1,stable,68.5,69,0.0072992700729927,0.05,pass,0.0298262424939313,0.05,pass,0,NaN,NaN,not_applicable,not_applicable,NaN,NaN,NaN,NaN,NaN,NaN,NaN,not_applicable,not_applicable,not_applicable,pass
s7_clean,fixed_payload,10,2,5,950,0.5,1,stable,68.5,68.5,0,0.05,pass,9.16424832456018e-17,0.05,pass,0,NaN,NaN,not_applicable,not_applicable,NaN,NaN,NaN,NaN,NaN,NaN,NaN,not_applicable,not_applicable,not_applicable,pass
sb_cf,fixed_payload,10,1.66666666666667,6,1140,0.001,1,stable,58,58.5,0.00862068965517241,0.05,pass,0.0206966951683068,0.05,pass,0,NaN,NaN,not_applicable,not_applicable,NaN,NaN,NaN,NaN,NaN,NaN,NaN,not_applicable,not_applicable,not_applicable,pass
sb_cf,fixed_payload,15,15,1,190,0.005,1,stable,609.5,608.5,0.00164068908941756,0.05,pass,0.000434045719482497,0.05,pass,0,NaN,NaN,not_applicable,not_applicable,NaN,NaN,NaN,NaN,NaN,NaN,NaN,not_applicable,not_applicable,not_applicable,pass
sb_cb,fixed_payload,15,15,1,190,0.1,0.5,mixed,609.5,553.5,NaN,0.05,not_applicable,NaN,0.05,not_applicable,0,NaN,NaN,not_applicable,not_applicable,NaN,NaN,NaN,NaN,NaN,NaN,NaN,not_applicable,not_applicable,not_applicable,not_applicable
sb_cf,fixed_payload,15,7.5,2,380,0.002,1,stable,299.5,300,0.00166944908180301,0.05,pass,0.000179054757443236,0.05,pass,0,NaN,NaN,not_applicable,not_applicable,NaN,NaN,NaN,NaN,NaN,NaN,NaN,not_applicable,not_applicable,not_applicable,pass
sb_cf,fixed_payload,15,5,3,570,0.002,1,stable,201.5,202,0.00248138957816377,0.05,pass,0.000644151269548824,0.05,pass,0,NaN,NaN,not_applicable,not_applicable,NaN,NaN,NaN,NaN,NaN,NaN,NaN,not_applicable,not_applicable,not_applicable,pass
sb_cf,fixed_payload,15,3.75,4,760,0.002,0.5,mixed,150.5,111.5,NaN,0.05,not_applicable,NaN,0.05,not_applicable,0,NaN,NaN,not_applicable,not_applicable,NaN,NaN,NaN,NaN,NaN,NaN,NaN,not_applicable,not_applicable,not_applicable,not_applicable
s7_clean,fixed_payload,15,3.75,4,760,0.5,1,stable,150.5,150.5,0,0.05,pass,0,0.05,pass,0,NaN,NaN,not_applicable,not_applicable,NaN,NaN,NaN,NaN,NaN,NaN,NaN,not_applicable,not_applicable,not_applicable,pass
sf_cf,fixed_payload,15,3,5,950,0.2,1,stable,115.5,116,0.00432900432900433,0.05,pass,0.00443218481935406,0.05,pass,0,NaN,NaN,not_applicable,not_applicable,NaN,NaN,NaN,NaN,NaN,NaN,NaN,not_applicable,not_applicable,not_applicable,pass
sb_cf,fixed_payload,15,3,5,950,0.002,1,stable,115.5,116,0.00432900432900433,0.05,pass,0.000216040581062723,0.05,pass,0,NaN,NaN,not_applicable,not_applicable,NaN,NaN,NaN,NaN,NaN,NaN,NaN,not_applicable,not_applicable,not_applicable,pass
s7_clean,fixed_payload,15,3,5,950,0.5,1,stable,115.5,115.5,0,0.05,pass,0,0.05,pass,0,NaN,NaN,not_applicable,not_applicable,NaN,NaN,NaN,NaN,NaN,NaN,NaN,not_applicable,not_applicable,not_applicable,pass
sb_cf,fixed_payload,15,2.5,6,1140,0.001,1,stable,92,92,0,0.05,pass,0.0043181913411553,0.05,pass,0,NaN,NaN,not_applicable,not_applicable,NaN,NaN,NaN,NaN,NaN,NaN,NaN,not_applicable,not_applicable,not_applicable,pass
s7_clean,fixed_payload,15,2.5,6,1140,0.5,1,stable,92,92,0,0.05,pass,0,0.05,pass,0,NaN,NaN,not_applicable,not_applicable,NaN,NaN,NaN,NaN,NaN,NaN,NaN,not_applicable,not_applicable,not_applicable,pass
