protocol,study_type,M,Tp_us,best_q,q_selection_mode,q_search_boundary_hit,n_eval_runs,payload_airtime_fraction_mean,payload_airtime_fraction_ci95,completed_pkt_s_mean,completed_pkt_s_ci95,normalized_goodput_units_s_mean,normalized_goodput_units_s_ci95,goodput_bit_s_mean,jain_fairness_mean,collision_channel_fraction_mean,slo_completed_pkt_s_mean,slo_payload_airtime_fraction_mean,condition_elapsed_s,timeout_exceeded
sf_cf,saturation_throughput,1,198,0.025,fixed_theoretical_q,0,3,0.368537333333333,0.00652057578158386,1861.33333333333,32.9981844618424,1861.33333333333,32.9981844618424,NaN,0.97752427134691,0.263993333333333,NaN,NaN,0.6422315,0
sf_cb,saturation_throughput,1,198,0.025,fixed_theoretical_q,0,3,0.271253333333333,0.00597060926594412,1370,30.1738164639477,1370,30.1738164639477,NaN,0.979927411909226,0.193564666666667,NaN,NaN,0.4677737,0
sb_cf,saturation_throughput,1,198,0.000655038521807941,maximum_payload_airtime,0,3,0.200244,0.00537894995314141,1011.33333333333,27.1664139047546,1011.33333333333,27.1664139047546,NaN,0.960473283366355,0.232781333333333,NaN,NaN,19.6227197,0
sb_cb,saturation_throughput,1,198,0.00249804953296681,maximum_payload_airtime,0,3,0.327137333333333,0.00424988768512508,1652.33333333333,21.6587636868877,1652.33333333333,21.6587636868877,NaN,0.974122324447626,0.061683,NaN,NaN,92.1687122,0
s7_clean,saturation_throughput,1,198,0.0104004191152595,maximum_payload_airtime,0,3,0.448615666666667,0.000809538001688483,2266,4.08006535895362,2266,4.08006535895362,NaN,0.978750542460135,0.033663,0,0,14.8362285,0
s7_busy,saturation_throughput,1,198,0.0292401773821287,maximum_payload_airtime,0,3,0.194304,0.00357324073143694,981.333333333333,18.0466703607926,981.333333333333,18.0466703607926,NaN,0.970440398032996,0.150549,1373,0.271854,89.8360867,0
sf_cf,saturation_throughput,2,396,0.025,fixed_theoretical_q,0,3,0.375929333333333,0.0122864351268616,949.333333333333,31.0384907995075,1898.66666666667,62.076981599015,NaN,0.965159492074148,0.252106666666667,NaN,NaN,0.2864999,0
sf_cb,saturation_throughput,2,396,0.025,fixed_theoretical_q,0,3,0.416512666666667,0.0162370602499399,1052,40.6591752662709,2104,81.3183505325418,NaN,0.972409874420663,0.161832,NaN,NaN,0.3212343,0
sb_cf,saturation_throughput,2,396,0.000281060958371934,maximum_payload_airtime,0,3,0.19536,0.00206976,493.333333333333,5.22666666666667,986.666666666667,10.4533333333333,NaN,0.922303378730147,0.191731,NaN,NaN,14.153477,0
sb_cb,saturation_throughput,2,396,0.00144224957030741,maximum_payload_airtime,0,3,0.454900666666667,0.00428784234544342,1149,11.1450317780316,2298,22.2900635560631,NaN,0.967448970596168,0.036327,NaN,NaN,75.2977154,0
s7_clean,saturation_throughput,2,396,0.009,maximum_payload_airtime,0,3,0.619403333333333,0.00352046143228099,1564.33333333333,8.78970104408816,3128.66666666667,17.5794020881763,NaN,0.978031198806691,0.020286,0,0,14.4596167,0
s7_busy,saturation_throughput,2,396,0.0292401773821287,maximum_payload_airtime,0,3,0.301178333333333,0.003757121870392,760.666666666667,9.42250733321256,1521.33333333333,18.8450146664251,NaN,0.952669653260763,0.115269,1092.33333333333,0.432376666666667,57.6097076,0
sf_cf,saturation_throughput,3,594,0.025,fixed_theoretical_q,0,3,0.366102,0.0187768167766105,616.333333333333,31.6108026542264,1849,94.8324079626791,NaN,0.943315798402468,0.258310666666667,NaN,NaN,0.2026239,0
sf_cb,saturation_throughput,3,594,0.025,fixed_theoretical_q,0,3,0.526211333333333,0.00784885235117707,886,13.0503231122196,2658,39.1509693366588,NaN,0.953674603674863,0.123552,NaN,NaN,0.247409,0
sb_cf,saturation_throughput,3,594,0.000225016218181544,maximum_payload_airtime,0,3,0.196586333333333,0.003784834321153,331,6.30051849718206,993,18.9015554915462,NaN,0.878301543821912,0.246400333333333,NaN,NaN,14.0797468,0
sb_cb,saturation_throughput,3,594,0.00144224957030741,maximum_payload_airtime,0,3,0.540342,0.00712420178804614,909.666666666667,11.9936057037814,2729,35.9808171113442,NaN,0.966783761203933,0.050148,NaN,NaN,69.6367126,0
s7_clean,saturation_throughput,3,594,0.0104004191152595,maximum_payload_airtime,0,3,0.709576,0.00139221960853886,1195.33333333333,2.35562683330314,3586,7.06688049990942,NaN,0.963783488438537,0.017766,0,0,13.7471848,0
s7_busy,saturation_throughput,3,594,0.0341995189335339,maximum_payload_airtime,0,3,0.379566,0.00308028950639385,639,5.1856725696866,1917,15.5570177090598,NaN,0.938568909472661,0.110111333333333,865,0.513710333333333,48.9812117,0
sf_cf,saturation_throughput,4,792,0.025,fixed_theoretical_q,0,3,0.386232,0.00540223219997065,487.666666666667,6.82100025248823,1950.66666666667,27.2840010099529,NaN,0.928671929383595,0.252245333333333,NaN,NaN,0.1478485,0
sf_cb,saturation_throughput,4,792,0.025,fixed_theoretical_q,0,3,0.595848,0.0106923689417827,752.333333333333,13.5004658355843,3009.33333333333,54.001863342337,NaN,0.949901103799495,0.107837333333333,NaN,NaN,0.2398863,0
sb_cf,saturation_throughput,4,792,0.000144224957030741,maximum_payload_airtime,0,3,0.184643333333333,0.00988986410091554,233.333333333333,12.0999026626021,933.333333333333,48.3996106504082,NaN,0.885280921814579,0.190208333333333,NaN,NaN,14.2532509,0
sb_cb,saturation_throughput,4,792,0.00121152765862859,maximum_payload_airtime,0,3,0.587443666666667,0.0106653020344001,742,13.7665875703942,2968,55.066350281577,NaN,0.956362764964081,0.050064,NaN,NaN,57.4628683,0
s7_clean,saturation_throughput,4,792,0.00866025403784439,maximum_payload_airtime,0,3,0.765634,0.00247577328428915,967,2.99394945403782,3868,11.9757978161513,NaN,0.962913656502264,0.011319,0,0,12.7838009,0
s7_busy,saturation_throughput,4,792,0.0341995189335339,maximum_payload_airtime,0,3,0.424985333333333,0.0113317396939472,536.666666666667,14.3287186369814,2146.66666666667,57.3148745479256,NaN,0.926645145866861,0.0928246666666667,741.333333333333,0.587136,42.8084944,0
sf_cf,saturation_throughput,5,990,0.025,fixed_theoretical_q,0,3,0.364636666666667,0.00953949224737764,368.333333333333,9.62420097693541,1841.66666666667,48.121004884677,NaN,0.905399682229456,0.26499,NaN,NaN,0.1093817,0
sf_cb,saturation_throughput,5,990,0.025,fixed_theoretical_q,0,3,0.650086666666667,0.00643569706721636,657,6.30051849718206,3285,31.5025924859103,NaN,0.944650289381447,0.09405,NaN,NaN,0.1844807,0
sb_cf,saturation_throughput,5,990,0.000115465892475565,maximum_payload_airtime,0,3,0.18777,0.0079480114645111,189.666666666667,8.02829440859708,948.333333333333,40.1414720429854,NaN,0.852392785712294,0.201962333333333,NaN,NaN,14.1131131,0
sb_cb,saturation_throughput,5,990,0.00146779926762207,maximum_payload_airtime,0,3,0.622834,0.00930652251685885,629.333333333333,9.42250733321256,3146.66666666667,47.1125366660628,NaN,0.931939879518768,0.076047,NaN,NaN,54.177833,0
s7_clean,saturation_throughput,5,990,0.009,maximum_payload_airtime,0,3,0.801334,0.00329004259546898,809.666666666667,3.26666666666667,4048.33333333333,16.3333333333333,NaN,0.957953132144861,0.010353,0,0,12.941516,0
s7_busy,saturation_throughput,5,990,0.0447213595499958,maximum_payload_airtime,0,3,0.459413333333333,0.0022430180778981,464.333333333333,2.35562683330314,2321.66666666667,11.7781341665157,NaN,0.900407994665822,0.108948,611.333333333333,0.604735666666667,36.6982617,0
sf_cf,saturation_throughput,6,1188,0.025,fixed_theoretical_q,0,3,0.370378666666667,0.0139183270217141,312,11.9222145593845,1872,71.5332873563071,NaN,0.914463103266161,0.252113333333333,NaN,NaN,0.0897175,0
sf_cb,saturation_throughput,6,1188,0.025,fixed_theoretical_q,0,3,0.693772,0.00661256131047567,584.333333333333,5.10269645492568,3506,30.6161787295541,NaN,0.954959930587311,0.083424,NaN,NaN,0.1610498,0
sb_cf,saturation_throughput,6,1188,7.40082804492285e-05,maximum_payload_airtime,0,3,0.182465333333333,0.0166324279367318,153.666666666667,14.1488531141024,922,84.8931186846143,NaN,0.813202276820642,0.123675,NaN,NaN,13.7393878,0
sb_cb,saturation_throughput,6,1188,0.001,maximum_payload_airtime,0,3,0.654097,0.00510234607168116,551,4.08006535895362,3306,24.4803921537217,NaN,0.925363722581466,0.053157,NaN,NaN,51.3471632,0
s7_clean,saturation_throughput,6,1188,0.0124902476648341,maximum_payload_airtime,0,3,0.827851,0.00090305391466955,697.666666666667,0.653333333333333,4186,3.92,NaN,0.946845610595329,0.0126,0,0,12.8753083,0
s7_busy,saturation_throughput,6,1188,0.0447213595499958,maximum_payload_airtime,0,3,0.510277666666667,0.0165861080178858,430,13.72,2580,82.32,NaN,0.908941926154787,0.098196,542,0.643513,33.4375817,0
sf_cf,saturation_throughput,8,1584,0.025,fixed_theoretical_q,0,3,0.361541333333333,0.0312516224703963,228.333333333333,19.8703575989742,1826.66666666667,158.962860791794,NaN,0.846509765036907,0.260165333333333,NaN,NaN,0.0735958,0
sf_cb,saturation_throughput,8,1584,0.025,fixed_theoretical_q,0,3,0.747575333333333,0.00460263442808332,472,2.99394945403782,3776,23.9515956323025,NaN,0.915079068871714,0.0657953333333333,NaN,NaN,0.1321298,0
sb_cf,saturation_throughput,8,1584,5.92507172723973e-05,maximum_payload_airtime,0,3,0.194458666666667,0.0160929225809167,123,10.184458748505,984,81.47566998804,NaN,0.764317328267796,0.147186,NaN,NaN,13.3712227,0
sb_cb,saturation_throughput,8,1584,0.00121152765862859,maximum_payload_airtime,0,3,0.681229666666667,0.0136623713723855,430.333333333333,8.49333333333333,3442.66666666667,67.9466666666667,NaN,0.924203625869237,0.090729,NaN,NaN,47.7113768,0
s7_clean,saturation_throughput,8,1584,0.0104004191152595,maximum_payload_airtime,0,3,0.866518666666667,0.00169662591002785,547.333333333333,1.30666666666667,4378.66666666667,10.4533333333333,NaN,0.911737208009146,0.00811433333333333,0,0,12.6097842,0
s7_busy,saturation_throughput,8,1584,0.05,maximum_payload_airtime,0,3,0.561792,0.0045109373386914,354.666666666667,2.84781397644657,2837.33333333333,22.7825118115726,NaN,0.901754672599611,0.0933293333333333,435,0.688856333333333,30.3960542,0
sf_cf,saturation_throughput,10,1980,0.025,fixed_theoretical_q,0,3,0.386753333333333,0.00518094569145226,195.333333333333,2.61333333333333,1953.33333333333,26.1333333333333,NaN,0.856892296997627,0.259373333333333,NaN,NaN,0.0615724,0
sf_cb,saturation_throughput,10,1980,0.025,fixed_theoretical_q,0,3,0.783868666666667,0.0086200792077206,396.333333333333,4.28419316921064,3963.33333333333,42.8419316921064,NaN,0.911758295430535,0.0561,NaN,NaN,0.1200176,0
sb_cf,saturation_throughput,10,1980,3.79769610462371e-05,maximum_payload_airtime,0,3,0.183278333333333,0.0324893971094845,92.6666666666667,16.4115460711185,926.666666666667,164.115460711185,NaN,0.707592827244218,0.110838,NaN,NaN,13.6370914,0
sb_cb,saturation_throughput,10,1980,0.000562341325190349,one_se_tie_collision_fairness_q,0,3,0.712405666666667,0.00839509332523337,360,4.08006535895362,3600,40.8006535895362,NaN,0.916545204517141,0.028893,NaN,NaN,44.871846,0
s7_clean,saturation_throughput,10,1980,0.009,maximum_payload_airtime,0,3,0.890458666666667,0.00142921964168481,450,1.13160652761167,4500,11.3160652761167,NaN,0.903194904378221,0.005691,0,0,11.8654435,0
s7_busy,saturation_throughput,10,1980,0.05,maximum_payload_airtime,0,3,0.592516,0.00784487202618371,300,4.08006535895362,3000,40.8006535895362,NaN,0.894081278858568,0.077217,373,0.737332,26.7001376,0
sf_cf,saturation_throughput,15,2970,0.025,fixed_theoretical_q,0,3,0.365963333333333,0.0287319250231825,123.333333333333,9.88672735427542,1850,148.300910314131,NaN,0.727095250261755,0.26928,NaN,NaN,0.0469929,0
sf_cb,saturation_throughput,15,2970,0.025,fixed_theoretical_q,0,3,0.841750666666667,0.0122265887836705,283.666666666667,3.97407151979484,4255,59.6110727969226,NaN,0.86964724296179,0.0432233333333333,NaN,NaN,0.1030012,0
sb_cf,saturation_throughput,15,2970,3.04041948840996e-05,maximum_payload_airtime,0,3,0.186476333333333,0.0366343748090257,63,12.7525579133495,945,191.288368700243,NaN,0.606468547528903,0.132773333333333,NaN,NaN,13.1849584,0
sb_cb,saturation_throughput,15,2970,0.000825404185268018,maximum_payload_airtime,0,3,0.761503,0.0159301745242417,257,4.93255849771022,3855,73.9883774656534,NaN,0.87185540544968,0.0813,NaN,NaN,40.1392614,0
s7_clean,saturation_throughput,15,2970,0.0126514899795262,maximum_payload_airtime,0,3,0.922285666666667,0.00160265862721227,310.666666666667,0.653333333333333,4660,9.8,NaN,0.860026978016644,0.005712,0,0,10.7713701,0
s7_busy,saturation_throughput,15,2970,0.0584803547642573,maximum_payload_airtime,0,3,0.64435,0.0200434322651186,217.333333333333,6.91423009291546,3260,103.713451393732,NaN,0.856411813401143,0.073101,264.333333333333,0.784144,21.2781532,0
sf_cf,saturation_throughput,20,3960,0.025,fixed_theoretical_q,0,3,0.346493333333333,0.0449714576559152,87.6666666666667,11.55864659513,1753.33333333333,231.172931902601,NaN,0.662955069777188,0.2838,NaN,NaN,0.0401031,0
sf_cb,saturation_throughput,20,3960,0.025,fixed_theoretical_q,0,3,0.880486,0.00414961394329641,222.666666666667,1.30666666666667,4453.33333333333,26.1333333333333,NaN,0.85370347294543,0.032406,NaN,NaN,0.0846364,0
sb_cf,saturation_throughput,20,3960,3.04041948840996e-05,maximum_payload_airtime,0,3,0.20592,0.0161570588214563,52,4.08006535895362,1040,81.6013071790724,NaN,0.578897914377019,0.206217333333333,NaN,NaN,12.9880048,0
sb_cb,saturation_throughput,20,3960,0.000562341325190349,maximum_payload_airtime,0,3,0.800659666666667,0.0220082093876667,202.333333333333,5.58208244694079,4046.66666666667,111.641648938816,NaN,0.815092082711,0.0524093333333333,NaN,NaN,40.0733617,0
s7_clean,saturation_throughput,20,3960,0.0106706799134702,maximum_payload_airtime,0,3,0.940327,0.000542364264309516,238,0,4760,0,NaN,0.862237237830941,0.00378,0,0,10.2857051,0
s7_busy,saturation_throughput,20,3960,0.076472449133173,maximum_payload_airtime,0,3,0.658108,0.0276932388222397,167,6.88329378519712,3340,137.665875703942,NaN,0.800691363874582,0.097125,195.333333333333,0.770527,18.3517829,0
