protocol,load_mode,lambda_base,lambda_effective,M,Tp_us,q,n_eval_runs,cca_mode,rx_sens_dbm,cca_truth_definition,raw_busy_opportunities,raw_misses,raw_miss_rate,eligible_tp,eligible_fn,eligible_fp,eligible_tn,eligible_fnr,eligible_fpr,eligible_decodable_negative,eligible_self_undecodable,eligible_control_harm,eligible_data_harm,eligible_rts_harm,harmful_missed_opportunities,false_alarm_opportunities,sinr_harmful_start_attempts,single_user_harmful_start_attempts,late_start_handshake,late_start_data,late_start_attempts,simultaneous_start_events,simultaneous_start_attempts,capture_successes,classic_collision_events,classic_collision_attempts,rts_success,rts_fail_collision,cts_sinr_th_db,data_sinr_th_db,partial_collision_events,full_collision_events,icr_expected,icr_decoded,icr_miss_halfduplex,icr_miss_low_sinr,icr_miss_sector_timing,icr_winner_miss,nav_expected,nav_set,nav_not_set,nav_protection_violations,failed_attempts_or_events,rts_fail_total,rts_failure_detection_delay_us,mean_rts_failure_detection_delay_us,data_fail_sinr,data_failure_transaction_delay_us,mean_data_failure_transaction_delay_us,collision_waste_us,collision_channel_time_us,collision_tx_airtime_us
sb_cb,fixed_packet,10,10,1,198,0.5,3,directional,-62,classic RTS overlap or counterfactual CTS/DATA SINR corruption,2213424,2060822,0.931056137459429,69,346,0,7256,0.833734939759036,0,7256,580,259,79,77,346,0,NaN,NaN,62,21,NaN,27,54,0,27,54,1404,50,6,21,17,0,56160,55992,20,148,0,3,54756,54591,165,23,153,133,20259,152.323308270677,17,6732,396,5760,5112,5760
sb_cb,fixed_packet,10,10,2,396,0.3,3,directional,-62,classic RTS overlap or counterfactual CTS/DATA SINR corruption,3395904,3187131,0.938522113699327,84,421,0,9307,0.833663366336634,0,9307,779,274,86,145,421,0,NaN,NaN,77,29,NaN,30,64,0,30,64,1396,62,6,21,8,0,55840,55653,16,171,0,4,54444,54261,183,30,180,168,25092,149.357142857143,8,4752,594,6192,5454,6192
sb_cb,fixed_packet,10,10,3,594,0.5,3,directional,-62,classic RTS overlap or counterfactual CTS/DATA SINR corruption,4662520,4391833,0.941944056004049,110,1000,0,8978,0.900900900900901,0,8978,1531,348,373,389,1000,0,NaN,NaN,148,100,NaN,178,384,0,178,384,1414,361,6,21,25,0,56560,56256,32,272,0,5,55146,54847,299,102,639,609,97812,160.610837438424,25,19800,792,25812,21681,25812
sb_cb,fixed_packet,10,10,4,792,0.0223606797749979,3,directional,-62,classic RTS overlap or counterfactual CTS/DATA SINR corruption,5806228,5484136,0.944526463652478,582,4461,0,69956,0.88459250446163,0,69956,7390,3083,920,1040,4461,0,NaN,NaN,87,21,NaN,23,46,0,23,46,1400,46,6,21,14,0,56000,55761,20,219,0,2,54600,54363,237,21,170,154,21537,139.850649350649,14,13860,990,13860,13248,13860
sb_cb,fixed_packet,10,10,5,990,0.02,3,directional,-62,classic RTS overlap or counterfactual CTS/DATA SINR corruption,7076572,6692967,0.945792256476723,1002,8519,0,82360,0.894758953891398,0,82360,15156,5381,2335,1805,8519,0,NaN,NaN,143,81,NaN,25,51,0,25,51,1420,45,6,21,27,0,56800,56360,41,399,0,9,55380,54949,431,84,305,269,40752,151.494423791822,27,32076,1188,31572,30357,31572
sb_cb,fixed_packet,10,10,6,1188,0.01,3,directional,-62,classic RTS overlap or counterfactual CTS/DATA SINR corruption,8267612,7827666,0.946786810992098,2157,14731,0,153382,0.872276172430128,0,153382,26368,10220,3156,3512,14731,0,NaN,NaN,161,72,NaN,34,68,0,34,68,1419,60,6,21,23,0,56760,56323,38,399,0,12,55341,54916,425,74,328,293,41913,143.047781569966,23,31878,1386,32598,31320,32598
sb_cb,fixed_packet,15,15,1,198,0.5,3,directional,-62,classic RTS overlap or counterfactual CTS/DATA SINR corruption,3550962,3304398,0.930564168245112,490,2671,0,15956,0.844985763998735,0,15956,4398,1283,443,1435,2671,0,NaN,NaN,436,139,NaN,436,1093,0,436,1093,2236,1007,6,21,82,0,89440,88395,112,933,0,25,87204,86184,1020,148,1689,1582,249516,157.721871049305,82,32472,396,44712,33489,44712
sb_cb,fixed_packet,15,15,2,396,0.0875,3,directional,-62,classic RTS overlap or counterfactual CTS/DATA SINR corruption,14016500,12731390,0.908314486498056,256675,1443836,0,280981,0.849060076647549,0,280981,3486010,434813,181814,1083884,1443836,0,NaN,NaN,53766,81190,NaN,65969,168486,0,65969,168486,5519,59015,6,21,1649,0,220760,141705,8951,70104,0,2288,215241,138474,76767,99656,197908,193971,33741828,173.952951729898,1649,979506,594,4144482,2165184,4144482
sb_cb,fixed_packet,15,15,3,594,0.02,3,directional,-62,classic RTS overlap or counterfactual CTS/DATA SINR corruption,11836352,11070110,0.935263669076418,141442,1162310,0,453343,0.891511575821168,0,453343,2634646,481583,430442,391727,1162310,0,NaN,NaN,14601,22445,NaN,11744,25264,0,11744,25264,3930,7152,6,21,1410,0,157200,128127,2850,26223,0,810,153270,125007,28263,25971,46418,44198,7393527,167.281935834201,1410,1116720,792,1633104,1238571,1633104
sb_cb,fixed_packet,15,15,4,792,0.01,3,directional,-62,classic RTS overlap or counterfactual CTS/DATA SINR corruption,9408432,8886739,0.944550484076412,10483,75474,0,266076,0.87804367299929,0,266076,132734,49031,19473,17453,75474,0,NaN,NaN,718,300,NaN,188,375,0,188,375,2302,272,6,21,124,0,92080,90112,174,1794,0,49,89778,87859,1919,331,1463,1290,189234,146.693023255814,124,122760,990,121428,115281,121428
sb_cb,fixed_packet,15,15,5,990,0.00447213595499958,3,directional,-62,classic RTS overlap or counterfactual CTS/DATA SINR corruption,11217602,10616250,0.946392107689326,21689,142356,0,584417,0.867786278155384,0,584417,244751,102115,30279,31651,142356,0,NaN,NaN,627,210,NaN,99,201,0,99,201,2261,166,6,21,104,0,90440,88734,162,1544,0,28,88179,86501,1678,222,1135,1003,141138,140.715852442672,104,123552,1188,121014,116973,121014
sb_cb,fixed_packet,5,5,1,198,0.4,3,directional,-62,classic RTS overlap or counterfactual CTS/DATA SINR corruption,1172866,1092290,0.931299909793617,31,102,0,4404,0.766917293233083,0,4404,173,79,13,41,102,0,NaN,NaN,17,3,NaN,15,31,0,15,31,743,31,6,21,3,0,29720,29686,3,31,0,0,28977,28943,34,3,54,51,7623,149.470588235294,3,1188,396,1512,1260,1512
sb_cb,fixed_packet,5,5,2,396,0.4,3,directional,-62,classic RTS overlap or counterfactual CTS/DATA SINR corruption,1810532,1699707,0.938788709616842,24,103,0,4230,0.811023622047244,0,4230,166,64,27,36,103,0,NaN,NaN,19,5,NaN,10,20,0,10,20,744,20,6,21,3,0,29760,29725,3,32,0,1,29016,28982,34,5,48,44,6579,149.522727272727,3,1782,594,1980,1746,1980
sb_cb,fixed_packet,5,5,3,594,0.5,3,directional,-62,classic RTS overlap or counterfactual CTS/DATA SINR corruption,2449020,2307933,0.942390425557978,29,142,0,4128,0.830409356725146,0,4128,239,80,23,68,142,0,NaN,NaN,29,7,NaN,43,86,0,43,86,744,84,6,21,2,0,29760,29704,3,53,0,2,29016,28962,54,7,124,120,19602,163.35,2,1584,792,3348,2709,3348
sb_cb,fixed_packet,5,5,4,792,0.4,3,directional,-62,classic RTS overlap or counterfactual CTS/DATA SINR corruption,3078296,2907703,0.94458200251048,29,118,0,4258,0.802721088435374,0,4258,196,64,22,61,118,0,NaN,NaN,31,3,NaN,17,34,0,17,34,742,32,6,21,1,0,29680,29627,1,52,0,1,28938,28886,52,3,68,66,9504,144,1,990,990,1980,1692,1980
sb_cb,fixed_packet,5,5,5,990,0.5,3,directional,-62,classic RTS overlap or counterfactual CTS/DATA SINR corruption,3718740,3517666,0.9459295352727,21,157,0,4210,0.882022471910112,0,4210,250,56,23,99,157,0,NaN,NaN,40,9,NaN,42,84,0,42,84,744,82,6,21,1,0,29760,29702,2,56,0,3,29016,28961,55,9,135,131,20592,157.190839694656,1,1188,1188,3348,2727,3348
sb_cb,fixed_packet,5,5,6,1188,0.6,3,directional,-62,classic RTS overlap or counterfactual CTS/DATA SINR corruption,4368056,4136440,0.946975038781554,20,283,0,4768,0.933993399339934,0,4768,435,71,53,179,283,0,NaN,NaN,54,22,NaN,142,288,0,142,288,742,282,6,21,2,0,29680,29617,4,59,0,0,28938,28875,63,22,360,358,59355,165.796089385475,2,2772,1386,8820,6705,8820
sb_cb,fixed_payload,10,10,1,198,0.5,3,directional,-62,classic RTS overlap or counterfactual CTS/DATA SINR corruption,2213424,2060822,0.931056137459429,69,346,0,7256,0.833734939759036,0,7256,580,259,79,77,346,0,NaN,NaN,62,21,NaN,27,54,0,27,54,1404,50,6,21,17,0,56160,55992,20,148,0,3,54756,54591,165,23,153,133,20259,152.323308270677,17,6732,396,5760,5112,5760
sb_cb,fixed_payload,10,5,2,396,0.4,3,directional,-62,classic RTS overlap or counterfactual CTS/DATA SINR corruption,1810532,1699707,0.938788709616842,24,103,0,4230,0.811023622047244,0,4230,166,64,27,36,103,0,NaN,NaN,19,5,NaN,10,20,0,10,20,744,20,6,21,3,0,29760,29725,3,32,0,1,29016,28982,34,5,48,44,6579,149.522727272727,3,1782,594,1980,1746,1980
sb_cb,fixed_payload,10,3.33333333333333,3,594,0.6,3,directional,-62,classic RTS overlap or counterfactual CTS/DATA SINR corruption,1675002,1577400,0.941730218829589,16,85,0,2637,0.841584158415842,0,2637,123,31,25,45,85,0,NaN,NaN,12,6,NaN,25,51,0,25,51,508,49,6,21,2,0,20320,20302,1,17,0,0,19812,19794,18,6,69,67,10962,163.611940298507,2,1584,792,2394,1926,2394
sb_cb,fixed_payload,10,2.5,4,792,0.6,3,directional,-62,classic RTS overlap or counterfactual CTS/DATA SINR corruption,1491614,1411234,0.946112063844936,0,81,0,1804,1,0,1804,123,11,37,33,81,0,NaN,NaN,11,13,NaN,16,36,0,16,36,359,34,6,21,2,0,14360,14342,4,14,0,0,14001,13983,18,13,60,58,9639,166.189655172414,2,1980,990,2628,2223,2628
sb_cb,fixed_payload,10,2,5,990,0.6,3,directional,-62,classic RTS overlap or counterfactual CTS/DATA SINR corruption,1613150,1522020,0.94350804326938,7,12,0,1555,0.631578947368421,0,1555,26,9,0,10,12,0,NaN,NaN,5,0,NaN,4,8,0,4,8,322,8,6,21,0,0,12880,12869,0,11,0,0,12558,12547,11,0,13,13,1845,141.923076923077,0,0,NaN,234,180,234
sb_cb,fixed_payload,10,1.66666666666667,6,1188,0.8,3,directional,-62,classic RTS overlap or counterfactual CTS/DATA SINR corruption,1291714,1221423,0.94558315540437,0,13,0,1010,1,0,1010,15,1,0,12,13,0,NaN,NaN,3,0,NaN,10,20,0,10,20,220,20,6,21,0,0,8800,8794,0,6,0,0,8580,8574,6,0,23,23,3879,168.652173913043,0,0,NaN,414,297,414
sb_cb,fixed_payload,15,15,1,198,0.5,3,directional,-62,classic RTS overlap or counterfactual CTS/DATA SINR corruption,3550962,3304398,0.930564168245112,490,2671,0,15956,0.844985763998735,0,15956,4398,1283,443,1435,2671,0,NaN,NaN,436,139,NaN,436,1093,0,436,1093,2236,1007,6,21,82,0,89440,88395,112,933,0,25,87204,86184,1020,148,1689,1582,249516,157.721871049305,82,32472,396,44712,33489,44712
sb_cb,fixed_payload,15,7.5,2,396,0.4,3,directional,-62,classic RTS overlap or counterfactual CTS/DATA SINR corruption,2661326,2498675,0.938883473877308,45,322,0,6267,0.877384196185286,0,6267,568,174,96,97,322,0,NaN,NaN,61,30,NaN,26,52,0,26,52,1094,50,6,21,9,0,43760,43626,15,119,0,3,42666,42535,131,30,153,141,21222,150.510638297872,9,5346,594,6102,5436,6102
sb_cb,fixed_payload,15,5,3,594,0.5,3,directional,-62,classic RTS overlap or counterfactual CTS/DATA SINR corruption,2449020,2307933,0.942390425557978,29,142,0,4128,0.830409356725146,0,4128,239,80,23,68,142,0,NaN,NaN,29,7,NaN,43,86,0,43,86,744,84,6,21,2,0,29760,29704,3,53,0,2,29016,28962,54,7,124,120,19602,163.35,2,1584,792,3348,2709,3348
sb_cb,fixed_payload,15,3.75,4,792,0.5,3,directional,-62,classic RTS overlap or counterfactual CTS/DATA SINR corruption,2140156,2019101,0.94343636632096,17,128,0,2734,0.882758620689655,0,2734,212,66,52,27,128,0,NaN,NaN,21,19,NaN,13,26,0,13,26,516,26,6,21,3,0,20640,20598,5,37,0,1,20124,20083,41,19,70,66,10593,160.5,3,2970,990,3564,3195,3564
sb_cb,fixed_payload,15,3,5,990,0.6,3,directional,-62,classic RTS overlap or counterfactual CTS/DATA SINR corruption,2240252,2115478,0.944303587275003,6,119,0,2245,0.952,0,2245,162,29,72,24,119,0,NaN,NaN,13,19,NaN,15,30,0,15,30,447,30,6,21,3,0,17880,17848,4,28,0,0,17433,17401,32,19,65,62,10314,166.354838709677,3,3564,1188,4086,3600,4086
sb_cb,fixed_payload,15,2.5,6,1188,0.6,3,directional,-62,classic RTS overlap or counterfactual CTS/DATA SINR corruption,2103126,1995810,0.948973100042508,0,74,0,1920,1,0,1920,93,5,29,40,74,0,NaN,NaN,14,5,NaN,27,54,0,27,54,358,52,6,21,1,0,14320,14293,1,26,0,0,13962,13935,27,5,72,71,11349,159.845070422535,1,1386,1386,2466,2034,2466
sb_cb,fixed_payload,5,5,1,198,0.4,3,directional,-62,classic RTS overlap or counterfactual CTS/DATA SINR corruption,1172866,1092290,0.931299909793617,31,102,0,4404,0.766917293233083,0,4404,173,79,13,41,102,0,NaN,NaN,17,3,NaN,15,31,0,15,31,743,31,6,21,3,0,29720,29686,3,31,0,0,28977,28943,34,3,54,51,7623,149.470588235294,3,1188,396,1512,1260,1512
sb_cb,fixed_payload,5,2.5,2,396,0.8,3,directional,-62,classic RTS overlap or counterfactual CTS/DATA SINR corruption,872632,820631,0.94040901548419,0,37,0,1623,1,0,1623,48,10,10,17,37,0,NaN,NaN,8,2,NaN,10,20,0,10,20,358,20,6,21,1,0,14320,14307,1,12,0,0,13962,13949,13,2,31,30,4752,158.4,1,594,594,936,774,936
sb_cb,fixed_payload,5,1.66666666666667,3,594,0.8,3,directional,-62,classic RTS overlap or counterfactual CTS/DATA SINR corruption,728636,685650,0.941004836434104,0,24,0,1037,1,0,1037,28,2,12,10,24,0,NaN,NaN,3,3,NaN,11,22,0,11,22,221,22,6,21,1,0,8840,8830,1,9,0,0,8619,8609,10,3,29,28,4860,173.571428571429,1,792,792,1098,882,1098
sb_cb,fixed_payload,5,1.25,4,792,0.8,3,directional,-62,classic RTS overlap or counterfactual CTS/DATA SINR corruption,847214,797994,0.941903698475238,0,4,0,920,1,0,920,4,0,0,4,4,0,NaN,NaN,1,0,NaN,6,12,0,6,12,204,12,6,21,0,0,8160,8160,0,0,0,0,7956,7956,0,0,13,13,2268,174.461538461538,0,0,NaN,234,144,234
sb_cb,fixed_payload,5,1,5,990,0.8,3,directional,-62,classic RTS overlap or counterfactual CTS/DATA SINR corruption,696112,659104,0.946836141310594,0,3,0,592,1,0,592,3,3,0,0,3,0,NaN,NaN,0,0,NaN,0,0,0,0,0,139,0,6,21,0,0,5560,5560,0,0,0,0,5421,5421,0,0,0,0,0,NaN,0,0,NaN,0,0,0
sb_cb,fixed_payload,5,0.833333333333333,6,1188,0.8,3,directional,-62,classic RTS overlap or counterfactual CTS/DATA SINR corruption,668724,633824,0.947811055084011,0,0,0,495,NaN,0,495,0,0,0,0,0,0,NaN,NaN,0,0,NaN,0,0,0,0,0,114,0,6,21,0,0,4560,4560,0,0,0,0,4446,4446,0,0,0,0,0,NaN,0,0,NaN,0,0,0
sb_cf,fixed_packet,10,10,1,198,0.00707106781186547,3,directional,-62,classic collision: a new DATA frame overlaps any active DATA frame,1298698,1234521,0.950583584482305,920,21380,0,216170,0.958744394618834,0,NaN,0,NaN,NaN,NaN,21380,0,0,141,NaN,NaN,141,7,14,0,148,309,NaN,NaN,NaN,NaN,123,NaN,NaN,NaN,NaN,NaN,NaN,NaN,NaN,NaN,NaN,NaN,278,NaN,NaN,NaN,NaN,NaN,NaN,55044,39654,55044
sb_cf,fixed_packet,15,15,1,198,0.005,3,directional,-62,classic collision: a new DATA frame overlaps any active DATA frame,2317612,2197606,0.948219978149923,6286,117206,0,520445,0.949097917273994,0,NaN,0,NaN,NaN,NaN,117206,0,0,545,NaN,NaN,545,15,30,0,548,1157,NaN,NaN,NaN,NaN,416,NaN,NaN,NaN,NaN,NaN,NaN,NaN,NaN,NaN,NaN,NaN,979,NaN,NaN,NaN,NaN,NaN,NaN,193842,137592,193842
sb_cf,fixed_packet,5,5,1,198,0.02,3,directional,-62,classic collision: a new DATA frame overlaps any active DATA frame,661526,628907,0.950691280463655,148,2895,0,41235,0.951363785737759,0,NaN,0,NaN,NaN,NaN,2895,0,0,50,NaN,NaN,50,2,4,0,52,106,NaN,NaN,NaN,NaN,40,NaN,NaN,NaN,NaN,NaN,NaN,NaN,NaN,NaN,NaN,NaN,94,NaN,NaN,NaN,NaN,NaN,NaN,18612,13302,18612
sb_cf,fixed_packet,5,5,2,396,0.00447213595499958,3,directional,-62,classic collision: a new DATA frame overlaps any active DATA frame,1524340,1448517,0.950258472519254,1841,29364,0,182034,0.941003044383913,0,NaN,0,NaN,NaN,NaN,29364,0,0,140,NaN,NaN,140,2,4,0,140,302,NaN,NaN,NaN,NaN,98,NaN,NaN,NaN,NaN,NaN,NaN,NaN,NaN,NaN,NaN,NaN,240,NaN,NaN,NaN,NaN,NaN,NaN,95040,66969,95040
sb_cf,fixed_packet,5,5,3,594,0.00149534878122122,3,directional,-62,classic collision: a new DATA frame overlaps any active DATA frame,2325600,2207061,0.949028637770898,5153,104290,0,570378,0.952916129857551,0,NaN,0,NaN,NaN,NaN,104290,0,0,133,NaN,NaN,133,3,6,0,134,279,NaN,NaN,NaN,NaN,107,NaN,NaN,NaN,NaN,NaN,NaN,NaN,NaN,NaN,NaN,NaN,244,NaN,NaN,NaN,NaN,NaN,NaN,144936,105732,144936
sb_cf,fixed_packet,5,5,4,792,0.000447213595499958,3,directional,-62,classic collision: a new DATA frame overlaps any active DATA frame,3631587,3441643,0.947696695687037,32390,647621,0,2185729,0.952368417569716,0,NaN,0,NaN,NaN,NaN,647621,0,0,275,NaN,NaN,275,1,2,0,276,594,NaN,NaN,NaN,NaN,202,NaN,NaN,NaN,NaN,NaN,NaN,NaN,NaN,NaN,NaN,NaN,479,NaN,NaN,NaN,NaN,NaN,NaN,379368,263376,379368
sb_cf,fixed_payload,10,10,1,198,0.00707106781186547,3,directional,-62,classic collision: a new DATA frame overlaps any active DATA frame,1298698,1234521,0.950583584482305,920,21380,0,216170,0.958744394618834,0,NaN,0,NaN,NaN,NaN,21380,0,0,141,NaN,NaN,141,7,14,0,148,309,NaN,NaN,NaN,NaN,123,NaN,NaN,NaN,NaN,NaN,NaN,NaN,NaN,NaN,NaN,NaN,278,NaN,NaN,NaN,NaN,NaN,NaN,55044,39654,55044
sb_cf,fixed_payload,10,5,2,396,0.00447213595499958,3,directional,-62,classic collision: a new DATA frame overlaps any active DATA frame,1524340,1448517,0.950258472519254,1841,29364,0,182034,0.941003044383913,0,NaN,0,NaN,NaN,NaN,29364,0,0,140,NaN,NaN,140,2,4,0,140,302,NaN,NaN,NaN,NaN,98,NaN,NaN,NaN,NaN,NaN,NaN,NaN,NaN,NaN,NaN,NaN,240,NaN,NaN,NaN,NaN,NaN,NaN,95040,66969,95040
sb_cf,fixed_payload,10,3.33333333333333,3,594,0.005,3,directional,-62,classic collision: a new DATA frame overlaps any active DATA frame,8464070,5897014,0.696711392982336,2032960,3917466,0,107844,0.658350511375152,0,NaN,0,NaN,NaN,NaN,3917466,0,0,18457,NaN,NaN,18457,829,1680,0,17610,113006,NaN,NaN,NaN,NaN,111,NaN,NaN,NaN,NaN,NaN,NaN,NaN,NaN,NaN,NaN,NaN,18567,NaN,NaN,NaN,NaN,NaN,NaN,11029743,1953981,11029743
sb_cf,fixed_payload,10,2.5,4,792,0.00299069756244244,3,directional,-62,classic collision: a new DATA frame overlaps any active DATA frame,1511621,1437225,0.950783959735939,978,26749,0,143074,0.964727521910052,0,NaN,0,NaN,NaN,NaN,26749,0,0,66,NaN,NaN,66,1,2,0,67,135,NaN,NaN,NaN,NaN,52,NaN,NaN,NaN,NaN,NaN,NaN,NaN,NaN,NaN,NaN,NaN,120,NaN,NaN,NaN,NaN,NaN,NaN,95040,70398,95040
sb_cf,fixed_payload,10,2,5,990,0.00299069756244244,3,directional,-62,classic collision: a new DATA frame overlaps any active DATA frame,9017615,6632433,0.73549746801122,1654676,3643025,0,118085,0.687661496939899,0,NaN,0,NaN,NaN,NaN,3643025,0,0,10623,NaN,NaN,10623,244,495,0,10376,61899,NaN,NaN,NaN,NaN,86,NaN,NaN,NaN,NaN,NaN,NaN,NaN,NaN,NaN,NaN,NaN,10711,NaN,NaN,NaN,NaN,NaN,NaN,10604871,2071521,10604871
sb_cf,fixed_payload,10,1.66666666666667,6,1188,0.00334370152488211,3,directional,-62,classic collision: a new DATA frame overlaps any active DATA frame,1295870,1230134,0.949272689390139,91,13632,0,74316,0.993368796910297,0,NaN,0,NaN,NaN,NaN,13632,0,0,35,NaN,NaN,35,0,0,0,35,79,NaN,NaN,NaN,NaN,15,NaN,NaN,NaN,NaN,NaN,NaN,NaN,NaN,NaN,NaN,NaN,50,NaN,NaN,NaN,NaN,NaN,NaN,59400,40284,59400
sb_cf,fixed_payload,15,15,1,198,0.005,3,directional,-62,classic collision: a new DATA frame overlaps any active DATA frame,2317612,2197606,0.948219978149923,6286,117206,0,520445,0.949097917273994,0,NaN,0,NaN,NaN,NaN,117206,0,0,545,NaN,NaN,545,15,30,0,548,1157,NaN,NaN,NaN,NaN,416,NaN,NaN,NaN,NaN,NaN,NaN,NaN,NaN,NaN,NaN,NaN,979,NaN,NaN,NaN,NaN,NaN,NaN,193842,137592,193842
sb_cf,fixed_payload,15,7.5,2,396,0.00223606797749979,3,directional,-62,classic collision: a new DATA frame overlaps any active DATA frame,2352915,2227646,0.94676008270592,5800,117046,0,570709,0.952786415512105,0,NaN,0,NaN,NaN,NaN,117046,0,0,253,NaN,NaN,253,3,6,0,256,535,NaN,NaN,NaN,NaN,194,NaN,NaN,NaN,NaN,NaN,NaN,NaN,NaN,NaN,NaN,NaN,453,NaN,NaN,NaN,NaN,NaN,NaN,179388,127296,179388
sb_cf,fixed_payload,15,5,3,594,0.00149534878122122,3,directional,-62,classic collision: a new DATA frame overlaps any active DATA frame,2325600,2207061,0.949028637770898,5153,104290,0,570378,0.952916129857551,0,NaN,0,NaN,NaN,NaN,104290,0,0,133,NaN,NaN,133,3,6,0,134,279,NaN,NaN,NaN,NaN,107,NaN,NaN,NaN,NaN,NaN,NaN,NaN,NaN,NaN,NaN,NaN,244,NaN,NaN,NaN,NaN,NaN,NaN,144936,105732,144936
sb_cf,fixed_payload,15,3.75,4,792,0.00223606797749979,3,directional,-62,classic collision: a new DATA frame overlaps any active DATA frame,8749169,6986276,0.798507378243579,1491346,4121737,0,299043,0.734308935036236,0,NaN,0,NaN,NaN,NaN,4121737,0,0,8998,NaN,NaN,8998,186,373,0,8819,43705,NaN,NaN,NaN,NaN,241,NaN,NaN,NaN,NaN,NaN,NaN,NaN,NaN,NaN,NaN,NaN,9243,NaN,NaN,NaN,NaN,NaN,NaN,7322391,1833399,7322391
sb_cf,fixed_payload,15,3,5,990,0.001,3,directional,-62,classic collision: a new DATA frame overlaps any active DATA frame,3291012,3085906,0.937676921263125,18260,284806,0,660061,0.939749097556308,0,NaN,0,NaN,NaN,NaN,284806,0,0,301,NaN,NaN,301,0,0,0,301,661,NaN,NaN,NaN,NaN,187,NaN,NaN,NaN,NaN,NaN,NaN,NaN,NaN,NaN,NaN,NaN,488,NaN,NaN,NaN,NaN,NaN,NaN,483120,329454,483120
sb_cf,fixed_payload,5,5,1,198,0.02,3,directional,-62,classic collision: a new DATA frame overlaps any active DATA frame,661526,628907,0.950691280463655,148,2895,0,41235,0.951363785737759,0,NaN,0,NaN,NaN,NaN,2895,0,0,50,NaN,NaN,50,2,4,0,52,106,NaN,NaN,NaN,NaN,40,NaN,NaN,NaN,NaN,NaN,NaN,NaN,NaN,NaN,NaN,NaN,94,NaN,NaN,NaN,NaN,NaN,NaN,18612,13302,18612
sb_cf,fixed_payload,5,2.5,2,396,0.01,3,directional,-62,classic collision: a new DATA frame overlaps any active DATA frame,711410,676700,0.951209569727724,258,5001,0,38190,0.95094124358243,0,NaN,0,NaN,NaN,NaN,5001,0,0,53,NaN,NaN,53,0,0,0,53,108,NaN,NaN,NaN,NaN,40,NaN,NaN,NaN,NaN,NaN,NaN,NaN,NaN,NaN,NaN,NaN,93,NaN,NaN,NaN,NaN,NaN,NaN,36828,26622,36828
sb_cf,fixed_payload,5,1.66666666666667,3,594,0.0149534878122122,3,directional,-62,classic collision: a new DATA frame overlaps any active DATA frame,5275868,3885077,0.736386315957867,296208,690870,0,17267,0.699914292487524,0,NaN,0,NaN,NaN,NaN,690870,0,0,9597,NaN,NaN,9597,324,657,0,9268,49048,NaN,NaN,NaN,NaN,50,NaN,NaN,NaN,NaN,NaN,NaN,NaN,NaN,NaN,NaN,NaN,9645,NaN,NaN,NaN,NaN,NaN,NaN,5731497,1211157,5731497
sb_cf,fixed_payload,5,1.25,4,792,0.005,3,directional,-62,classic collision: a new DATA frame overlaps any active DATA frame,856572,810894,0.946673484540704,580,11650,0,47451,0.952575633687653,0,NaN,0,NaN,NaN,NaN,11650,0,0,61,NaN,NaN,61,0,0,0,61,149,NaN,NaN,NaN,NaN,19,NaN,NaN,NaN,NaN,NaN,NaN,NaN,NaN,NaN,NaN,NaN,80,NaN,NaN,NaN,NaN,NaN,NaN,63360,38727,63360
sb_cf,fixed_payload,5,1,5,990,0.00707106781186547,3,directional,-62,classic collision: a new DATA frame overlaps any active DATA frame,687834,651822,0.947644344420311,0,3459,0,19901,1,0,NaN,0,NaN,NaN,NaN,3459,0,0,25,NaN,NaN,25,0,0,0,25,57,NaN,NaN,NaN,NaN,10,NaN,NaN,NaN,NaN,NaN,NaN,NaN,NaN,NaN,NaN,NaN,35,NaN,NaN,NaN,NaN,NaN,NaN,34650,22761,34650
